store,offset,size,label,source
UndiNVData,0x2C,1,Number of Virtual Functions Supported,5C60F367-A505-419A-859E-2A4FF6CA6FE5
UndiNVData,0x2D,1,Virtual Function Allocation Basis,5C60F367-A505-419A-859E-2A4FF6CA6FE5
UndiNVData,0x2E,1,Virtual Function Allocation Multiple,5C60F367-A505-419A-859E-2A4FF6CA6FE5
UndiNVData,0x33,2,Blink LEDs,5C60F367-A505-419A-859E-2A4FF6CA6FE5
UndiNVData,0x26,1,Link Status,5C60F367-A505-419A-859E-2A4FF6CA6FE5
UndiNVData,0x27,1,Link Speed Status,5C60F367-A505-419A-859E-2A4FF6CA6FE5
UndiNVData,0x2,1,Virtual MAC Address,5C60F367-A505-419A-859E-2A4FF6CA6FE5
UndiNVData,0x30,1,Virtual LAN Mode,5C60F367-A505-419A-859E-2A4FF6CA6FE5
UndiNVData,0x31,2,Virtual LAN ID,5C60F367-A505-419A-859E-2A4FF6CA6FE5
UndiNVData,0x2A,1,Virtualization Mode,5C60F367-A505-419A-859E-2A4FF6CA6FE5
UndiNVData,0x36,1,TCP/IP Parameters via DHCP,5C60F367-A505-419A-859E-2A4FF6CA6FE5
UndiNVData,0x37,1,iSCSI Parameters via DHCP,5C60F367-A505-419A-859E-2A4FF6CA6FE5
UndiNVData,0x38,1,CHAP Authentication,5C60F367-A505-419A-859E-2A4FF6CA6FE5
UndiNVData,0x39,1,CHAP Mutual Authentication,5C60F367-A505-419A-859E-2A4FF6CA6FE5
UndiNVData,0x3A,1,IP Version,5C60F367-A505-419A-859E-2A4FF6CA6FE5
UndiNVData,0x584,1,Virtual LAN Mode,5C60F367-A505-419A-859E-2A4FF6CA6FE5
UndiNVData,0x585,2,Virtual LAN ID,5C60F367-A505-419A-859E-2A4FF6CA6FE5
UndiNVData,0x3B,1,IP Address,5C60F367-A505-419A-859E-2A4FF6CA6FE5
UndiNVData,0x5B,1,Subnet Mask,5C60F367-A505-419A-859E-2A4FF6CA6FE5
UndiNVData,0x7B,1,Default Gateway,5C60F367-A505-419A-859E-2A4FF6CA6FE5
UndiNVData,0x9B,1,iSCSI Name,5C60F367-A505-419A-859E-2A4FF6CA6FE5
UndiNVData,0x25B,1,CHAP ID,5C60F367-A505-419A-859E-2A4FF6CA6FE5
UndiNVData,0x35D,1,CHAP Secret,5C60F367-A505-419A-859E-2A4FF6CA6FE5
UndiNVData,0x37F,1,IP Address,5C60F367-A505-419A-859E-2A4FF6CA6FE5
UndiNVData,0x39F,2,TCP Port,5C60F367-A505-419A-859E-2A4FF6CA6FE5
UndiNVData,0x3A1,1,Boot LUN,5C60F367-A505-419A-859E-2A4FF6CA6FE5
UndiNVData,0x3A2,1,iSCSI Name,5C60F367-A505-419A-859E-2A4FF6CA6FE5
UndiNVData,0x562,1,CHAP Secret,5C60F367-A505-419A-859E-2A4FF6CA6FE5
RstHiiConfig,0x1,1,Name:,91B4D9C1-141C-4824-8D02-3C298E36EB3F
RstHiiConfig,0x23,2,RAID Level:,91B4D9C1-141C-4824-8D02-3C298E36EB3F
RstHiiConfig,0x44,2,Strip Size:,91B4D9C1-141C-4824-8D02-3C298E36EB3F
RstHiiConfig,0x46,4,Capacity (MB):,91B4D9C1-141C-4824-8D02-3C298E36EB3F
RstHiiConfig,0x4A,1,Synchronization:,91B4D9C1-141C-4824-8D02-3C298E36EB3F
IntelSetup,0x10F,1,XHCI Mode,Platform
IntelSetup,0x1B5,1,PCH DMI ASPM,Platform
IntelSetup,0xE1,1,PCH Internal LAN,Platform
IntelSetup,0xE4,1,Wake on LAN,Platform
IntelSetup,0xE2,1,Gbe Region Valid,Platform
IntelSetup,0xE3,1,PchLan Supported,Platform
IntelSetup,0x2EA,1,Intel VT for Directed I/O (VT-d),Platform
IntelSetup,0x116F,1,MCTP,Platform
IntelSetup,0x62,1,Execute Disable Bit,Platform
IntelSetup,0x73,1,Intel Virtualization Technology (VT-x),Platform
IntelSetup,0x56,1,PCI 64-Bit Resource Allocation,Platform
IntelSetup,0x5A,1,Fan PWM Offset,Platform
IntelSetup,0x57,1,PCIe Max Read Request Size,Platform
IntelSetup,0x58,1,PCIe Latency Tolerance Reporting,Platform
IntelSetup,0x5B,1,PCI Minimum Secondary Bus Number,Platform
IntelSetup,0x59,1,PCIe Extended Tag Enable,Platform
IntelSetup,0x5D,1,PCIe AtomicOp Request Support,Platform
IntelSetup,0x4A,1,Breakpoint Type,Platform
IntelSetup,0x2DA,1,Force Setup,Platform
IntelSetup,0x2DB,1,BIOS Guard,Platform
IntelSetup,0x179B,1,Bios Guard Anti-Flash Wearout,Platform
IntelSetup,0x2D6,1,Serial Debug Message Level,Platform
IntelSetup,0x2D9,1,Trace Messages,Platform
IntelSetup,0x125D,1,Training Messages,Platform
IntelSetup,0x2D7,1,RC Promote Warnings,Platform
IntelSetup,0x2D8,1,RC Promote MRC Warnings,Platform
IntelSetup,0x4F,1,Active Video,Platform
IntelSetup,0x46,1,PS2 Port Swap,Platform
IntelSetup,0x1B0,1,RTC Wake system from S5,Platform
IntelSetup,0x1B1,1,Wake up hour,Platform
IntelSetup,0x1B2,1,Wake up minute,Platform
IntelSetup,0x1B3,1,Wake up second,Platform
IntelSetup,0x1337,1,Legacy PXE ROM,Platform
IntelSetup,0x1338,1,EFI Network,Platform
IntelSetup,0x1AA,1,LOM,Platform
IntelSetup,0x2DE,1,Reserve Memory Range,Platform
IntelSetup,0x2DF,4,Start Address,Platform
IntelSetup,0x2E7,1,Reserve TAGEC Memory,Platform
IntelSetup,0xDE,1,Board Capability,Platform
IntelSetup,0xDF,1,DeepSx Power Policies,Platform
IntelSetup,0xE0,1,GP27 Wake From DeepSx,Platform
IntelSetup,0xE8,1,SMBUS Device,Platform
IntelSetup,0xEF,1,PCH Server Error Reporting Mode (SERM),Platform
IntelSetup,0xEA,1,PCH Display,Platform
IntelSetup,0xE9,1,CLKRUN# logic,Platform
IntelSetup,0xF7,1,Serial IRQ Mode,Platform
IntelSetup,0xF2,1,InvalidId,Platform
IntelSetup,0xF3,1,InvalidId,Platform
IntelSetup,0xF5,1,External SSC Enable - CK420,Platform
IntelSetup,0x4B,1,PCH state after G3,Platform
IntelSetup,0xF4,1,Port 80h Cycles,Platform
IntelSetup,0x1AF,1,PCH Cross Throttling,Platform
IntelSetup,0xEB,1,PCH CRID,Platform
IntelSetup,0x129,1,USB Precondition,Platform
IntelSetup,0x12B,1,Trunk Clock Gating (BTCG),Platform
IntelSetup,0xF8,1,XHCI Pre-Boot Driver,Platform
IntelSetup,0xF9,1,Route USB 2.0 pins to which HC?,Platform
IntelSetup,0xFA,1,USB 2.0 pin #0,Platform
IntelSetup,0xFB,1,USB 2.0 pin #1,Platform
IntelSetup,0xFC,1,USB 2.0 pin #2,Platform
IntelSetup,0xFD,1,USB 2.0 pin #3,Platform
IntelSetup,0xFE,1,USB 2.0 pin #4,Platform
IntelSetup,0xFF,1,USB 2.0 pin #5,Platform
IntelSetup,0x100,1,USB 2.0 pin #6,Platform
IntelSetup,0x101,1,USB 2.0 pin #7,Platform
IntelSetup,0x102,1,USB 2.0 pin #8,Platform
IntelSetup,0x103,1,USB 2.0 pin #9,Platform
IntelSetup,0x104,1,USB 2.0 pin #10,Platform
IntelSetup,0x105,1,USB 2.0 pin #11,Platform
IntelSetup,0x106,1,USB 2.0 pin #12,Platform
IntelSetup,0x107,1,USB 2.0 pin #13,Platform
IntelSetup,0x108,1,Enable USB 3.0 pins,Platform
IntelSetup,0x109,1,USB 3.0 pin #1,Platform
IntelSetup,0x10A,1,USB 3.0 pin #2,Platform
IntelSetup,0x10B,1,USB 3.0 pin #3,Platform
IntelSetup,0x10C,1,USB 3.0 pin #4,Platform
IntelSetup,0x10D,1,USB 3.0 pin #5,Platform
IntelSetup,0x10E,1,USB 3.0 pin #6,Platform
IntelSetup,0x115,1,USB Port #0 Disable,Platform
IntelSetup,0x116,1,USB Port #1 Disable,Platform
IntelSetup,0x117,1,USB Port #2 Disable,Platform
IntelSetup,0x118,1,USB Port #3 Disable,Platform
IntelSetup,0x119,1,USB Port #4 Disable,Platform
IntelSetup,0x11A,1,USB Port #5 Disable,Platform
IntelSetup,0x11B,1,USB Port #6 Disable,Platform
IntelSetup,0x11C,1,USB Port #7 Disable,Platform
IntelSetup,0x11D,1,USB Port #8 Disable,Platform
IntelSetup,0x11E,1,USB Port #9 Disable,Platform
IntelSetup,0x11F,1,USB Port #10 Disable,Platform
IntelSetup,0x120,1,USB Port #11 Disable,Platform
IntelSetup,0x121,1,USB Port #12 Disable,Platform
IntelSetup,0x122,1,USB Port #13 Disable,Platform
IntelSetup,0x123,1,USB 3.0 Port #0 Disable,Platform
IntelSetup,0x124,1,USB 3.0 Port #1 Disable,Platform
IntelSetup,0x125,1,USB 3.0 Port #2 Disable,Platform
IntelSetup,0x126,1,USB 3.0 Port #3 Disable,Platform
IntelSetup,0x127,1,USB 3.0 Port #4 Disable,Platform
IntelSetup,0x128,1,USB 3.0 Port #5 Disable,Platform
IntelSetup,0x28C,1,Azalia Docking Support Enable,Platform
IntelSetup,0x28D,1,Azalia PME Enable,Platform
IntelSetup,0x12C,1,SATA Controller,Platform
IntelSetup,0x12D,1,Configure SATA as,Platform
IntelSetup,0x12E,1,SATA RSTe Boot Info,Platform
IntelSetup,0x165,1,Alternate Device ID on RAID,Platform
IntelSetup,0x163,1,Load EFI Driver for RAID,Platform
IntelSetup,0x12F,1,Port 0,Platform
IntelSetup,0x135,1,Hot Plug,Platform
IntelSetup,0x147,1,Configure as eSATA,Platform
IntelSetup,0x130,1,Port 1,Platform
IntelSetup,0x136,1,Hot Plug,Platform
IntelSetup,0x148,1,Configure as eSATA,Platform
IntelSetup,0x131,1,Port 2,Platform
IntelSetup,0x137,1,Hot Plug,Platform
IntelSetup,0x149,1,Configure as eSATA,Platform
IntelSetup,0x132,1,Port 3,Platform
IntelSetup,0x138,1,Hot Plug,Platform
IntelSetup,0x14A,1,Configure as eSATA,Platform
IntelSetup,0x133,1,Port 4,Platform
IntelSetup,0x139,1,Hot Plug,Platform
IntelSetup,0x14B,1,Configure as eSATA,Platform
IntelSetup,0x134,1,Port 5,Platform
IntelSetup,0x13A,1,Hot Plug,Platform
IntelSetup,0x14C,1,Configure as eSATA,Platform
IntelSetup,0x15F,1,SATA HDD Unlock,Platform
IntelSetup,0x160,1,SATA Led locate,Platform
IntelSetup,0x159,1,RAID 0,Platform
IntelSetup,0x15A,1,RAID 1,Platform
IntelSetup,0x15B,1,RAID 10,Platform
IntelSetup,0x15C,1,RAID 5,Platform
IntelSetup,0x15D,1,Intel Rapid Recovery Technology,Platform
IntelSetup,0x15E,1,RAID Option ROM  UI banner,Platform
IntelSetup,0x161,1,IRRT Only on ESATA,Platform
IntelSetup,0x162,1,Smart Response Technology,Platform
IntelSetup,0x164,1,RAID OROM prompt delay,Platform
IntelSetup,0x16B,1,sSATA Controller,Platform
IntelSetup,0x16C,1,Configure sSATA as,Platform
IntelSetup,0x1A1,1,Alternate Device ID on RAID,Platform
IntelSetup,0x19F,1,Load EFI Driver for RAID,Platform
IntelSetup,0x16E,1,Port 0,Platform
IntelSetup,0x174,1,Hot Plug,Platform
IntelSetup,0x183,1,Configure as eSATA,Platform
IntelSetup,0x16F,1,Port 1,Platform
IntelSetup,0x175,1,Hot Plug,Platform
IntelSetup,0x184,1,Configure as eSATA,Platform
IntelSetup,0x170,1,Port 2,Platform
IntelSetup,0x176,1,Hot Plug,Platform
IntelSetup,0x185,1,Configure as eSATA,Platform
IntelSetup,0x171,1,Port 3,Platform
IntelSetup,0x177,1,Hot Plug,Platform
IntelSetup,0x186,1,Configure as eSATA,Platform
IntelSetup,0x19B,1,SATA HDD Unlock,Platform
IntelSetup,0x19C,1,SATA Led locate,Platform
IntelSetup,0x195,1,RAID 0,Platform
IntelSetup,0x196,1,RAID 1,Platform
IntelSetup,0x197,1,RAID 10,Platform
IntelSetup,0x198,1,RAID 5,Platform
IntelSetup,0x199,1,Intel Rapid Recovery Technology,Platform
IntelSetup,0x19A,1,RAID Option ROM  UI banner,Platform
IntelSetup,0x19D,1,IRRT Only on ESATA,Platform
IntelSetup,0x19E,1,Smart Response Technology,Platform
IntelSetup,0x1A0,1,RAID OROM prompt delay,Platform
IntelSetup,0xE6,1,LAN PXE Boot Option ROM,Platform
IntelSetup,0xE7,1,Network Stack,Platform
IntelSetup,0x1B8,1,PCI Express Port Config 1,Platform
IntelSetup,0x1B9,1,PCI Express Port Config 2,Platform
IntelSetup,0x1B7,1,Gbe PCH,Platform
IntelSetup,0x1B4,1,PCIE Clock Gating,Platform
IntelSetup,0x1BD,1,Subtractive Decode,Platform
IntelSetup,0x1BE,1,Subtractive Decode Port#,Platform
IntelSetup,0x1BF,1,PCIe-USB Glitch W/A,Platform
IntelSetup,0x1C0,1,PCIe Root Port Function Swapping,Platform
IntelSetup,0x1C1,1,PCI Express Root Port 1,Platform
IntelSetup,0x1C9,1,PCIE ASPM,Platform
IntelSetup,0x281,1,L1 Substates,Platform
IntelSetup,0x1D1,1,URR,Platform
IntelSetup,0x1D9,1,FER,Platform
IntelSetup,0x1E1,1,NFER,Platform
IntelSetup,0x1E9,1,CER,Platform
IntelSetup,0x1F1,1,CTO,Platform
IntelSetup,0x209,1,SEFE,Platform
IntelSetup,0x211,1,SENFE,Platform
IntelSetup,0x219,1,SECE,Platform
IntelSetup,0x221,1,PME SCI,Platform
IntelSetup,0x229,1,Hot Plug,Platform
IntelSetup,0x231,1,PCIe Speed,Platform
IntelSetup,0x1F9,1,PME Interrupt,Platform
IntelSetup,0x241,1,Extra Bus Reserved,Platform
IntelSetup,0x249,2,Reseved Memory,Platform
IntelSetup,0x259,1,Reseved Memory Alignment,Platform
IntelSetup,0x261,2,Prefetchable Memory,Platform
IntelSetup,0x271,1,Prefetchable Memory Alignment,Platform
IntelSetup,0x279,1,Reserved I/O,Platform
IntelSetup,0x1C2,1,PCI Express Root Port 2,Platform
IntelSetup,0x1CA,1,PCIE ASPM,Platform
IntelSetup,0x282,1,L1 Substates,Platform
IntelSetup,0x1D2,1,URR,Platform
IntelSetup,0x1DA,1,FER,Platform
IntelSetup,0x1E2,1,NFER,Platform
IntelSetup,0x1EA,1,CER,Platform
IntelSetup,0x1F2,1,CTO,Platform
IntelSetup,0x20A,1,SEFE,Platform
IntelSetup,0x212,1,SENFE,Platform
IntelSetup,0x21A,1,SECE,Platform
IntelSetup,0x222,1,PME SCI,Platform
IntelSetup,0x22A,1,Hot Plug,Platform
IntelSetup,0x232,1,PCIe Speed,Platform
IntelSetup,0x1FA,1,PME Interrupt,Platform
IntelSetup,0x202,1,MSI,Platform
IntelSetup,0x242,1,Extra Bus Reserved,Platform
IntelSetup,0x24B,2,Reseved Memory,Platform
IntelSetup,0x25A,1,Reseved Memory Alignment,Platform
IntelSetup,0x263,2,Prefetchable Memory,Platform
IntelSetup,0x272,1,Prefetchable Memory Alignment,Platform
IntelSetup,0x27A,1,Reserved I/O,Platform
IntelSetup,0x1C3,1,PCI Express Root Port 3,Platform
IntelSetup,0x1CB,1,PCIE ASPM,Platform
IntelSetup,0x283,1,L1 Substates,Platform
IntelSetup,0x1D3,1,URR,Platform
IntelSetup,0x1DB,1,FER,Platform
IntelSetup,0x1E3,1,NFER,Platform
IntelSetup,0x1EB,1,CER,Platform
IntelSetup,0x1F3,1,CTO,Platform
IntelSetup,0x20B,1,SEFE,Platform
IntelSetup,0x213,1,SENFE,Platform
IntelSetup,0x21B,1,SECE,Platform
IntelSetup,0x223,1,PME SCI,Platform
IntelSetup,0x22B,1,Hot Plug,Platform
IntelSetup,0x233,1,PCIe Speed,Platform
IntelSetup,0x1FB,1,PME Interrupt,Platform
IntelSetup,0x203,1,MSI,Platform
IntelSetup,0x243,1,Extra Bus Reserved,Platform
IntelSetup,0x24D,2,Reseved Memory,Platform
IntelSetup,0x25B,1,Reseved Memory Alignment,Platform
IntelSetup,0x265,2,Prefetchable Memory,Platform
IntelSetup,0x273,1,Prefetchable Memory Alignment,Platform
IntelSetup,0x27B,1,Reserved I/O,Platform
IntelSetup,0x1C4,1,PCI Express Root Port 4,Platform
IntelSetup,0x1CC,1,PCIE ASPM,Platform
IntelSetup,0x284,1,L1 Substates,Platform
IntelSetup,0x1D4,1,URR,Platform
IntelSetup,0x1DC,1,FER,Platform
IntelSetup,0x1E4,1,NFER,Platform
IntelSetup,0x1EC,1,CER,Platform
IntelSetup,0x1F4,1,CTO,Platform
IntelSetup,0x20C,1,SEFE,Platform
IntelSetup,0x214,1,SENFE,Platform
IntelSetup,0x21C,1,SECE,Platform
IntelSetup,0x224,1,PME SCI,Platform
IntelSetup,0x22C,1,Hot Plug,Platform
IntelSetup,0x234,1,PCIe Speed,Platform
IntelSetup,0x1FC,1,PME Interrupt,Platform
IntelSetup,0x204,1,MSI,Platform
IntelSetup,0x244,1,Extra Bus Reserved,Platform
IntelSetup,0x24F,2,Reseved Memory,Platform
IntelSetup,0x25C,1,Reseved Memory Alignment,Platform
IntelSetup,0x267,2,Prefetchable Memory,Platform
IntelSetup,0x274,1,Prefetchable Memory Alignment,Platform
IntelSetup,0x27C,1,Reserved I/O,Platform
IntelSetup,0x1C5,1,PCI Express Root Port 5,Platform
IntelSetup,0x1CD,1,PCIE ASPM,Platform
IntelSetup,0x285,1,L1 Substates,Platform
IntelSetup,0x1D5,1,URR,Platform
IntelSetup,0x1DD,1,FER,Platform
IntelSetup,0x1E5,1,NFER,Platform
IntelSetup,0x1ED,1,CER,Platform
IntelSetup,0x1F5,1,CTO,Platform
IntelSetup,0x20D,1,SEFE,Platform
IntelSetup,0x215,1,SENFE,Platform
IntelSetup,0x21D,1,SECE,Platform
IntelSetup,0x225,1,PME SCI,Platform
IntelSetup,0x22D,1,Hot Plug,Platform
IntelSetup,0x235,1,PCIe Speed,Platform
IntelSetup,0x1FD,1,PME Interrupt,Platform
IntelSetup,0x205,1,MSI,Platform
IntelSetup,0x245,1,Extra Bus Reserved,Platform
IntelSetup,0x251,2,Reseved Memory,Platform
IntelSetup,0x25D,1,Reseved Memory Alignment,Platform
IntelSetup,0x269,2,Prefetchable Memory,Platform
IntelSetup,0x275,1,Prefetchable Memory Alignment,Platform
IntelSetup,0x27D,1,Reserved I/O,Platform
IntelSetup,0x1C6,1,PCI Express Root Port 6,Platform
IntelSetup,0x1CE,1,PCIE ASPM,Platform
IntelSetup,0x286,1,L1 Substates,Platform
IntelSetup,0x1D6,1,URR,Platform
IntelSetup,0x1DE,1,FER,Platform
IntelSetup,0x1E6,1,NFER,Platform
IntelSetup,0x1EE,1,CER,Platform
IntelSetup,0x1F6,1,CTO,Platform
IntelSetup,0x20E,1,SEFE,Platform
IntelSetup,0x216,1,SENFE,Platform
IntelSetup,0x21E,1,SECE,Platform
IntelSetup,0x226,1,PME SCI,Platform
IntelSetup,0x22E,1,Hot Plug,Platform
IntelSetup,0x236,1,PCIe Speed,Platform
IntelSetup,0x1FE,1,PME Interrupt,Platform
IntelSetup,0x206,1,MSI,Platform
IntelSetup,0x246,1,Extra Bus Reserved,Platform
IntelSetup,0x253,2,Reseved Memory,Platform
IntelSetup,0x25E,1,Reseved Memory Alignment,Platform
IntelSetup,0x26B,2,Prefetchable Memory,Platform
IntelSetup,0x276,1,Prefetchable Memory Alignment,Platform
IntelSetup,0x27E,1,Reserved I/O,Platform
IntelSetup,0x1C7,1,PCI Express Root Port 7,Platform
IntelSetup,0x1CF,1,PCIE ASPM,Platform
IntelSetup,0x287,1,L1 Substates,Platform
IntelSetup,0x1D7,1,URR,Platform
IntelSetup,0x1DF,1,FER,Platform
IntelSetup,0x1E7,1,NFER,Platform
IntelSetup,0x1EF,1,CER,Platform
IntelSetup,0x1F7,1,CTO,Platform
IntelSetup,0x20F,1,SEFE,Platform
IntelSetup,0x217,1,SENFE,Platform
IntelSetup,0x21F,1,SECE,Platform
IntelSetup,0x227,1,PME SCI,Platform
IntelSetup,0x22F,1,Hot Plug,Platform
IntelSetup,0x237,1,PCIe Speed,Platform
IntelSetup,0x1FF,1,PME Interrupt,Platform
IntelSetup,0x207,1,MSI,Platform
IntelSetup,0x247,1,Extra Bus Reserved,Platform
IntelSetup,0x255,2,Reseved Memory,Platform
IntelSetup,0x25F,1,Reseved Memory Alignment,Platform
IntelSetup,0x26D,2,Prefetchable Memory,Platform
IntelSetup,0x277,1,Prefetchable Memory Alignment,Platform
IntelSetup,0x27F,1,Reserved I/O,Platform
IntelSetup,0x1C8,1,PCI Express Root Port 8,Platform
IntelSetup,0x1D0,1,PCIE ASPM,Platform
IntelSetup,0x288,1,L1 Substates,Platform
IntelSetup,0x1D8,1,URR,Platform
IntelSetup,0x1E0,1,FER,Platform
IntelSetup,0x1E8,1,NFER,Platform
IntelSetup,0x1F0,1,CER,Platform
IntelSetup,0x1F8,1,CTO,Platform
IntelSetup,0x210,1,SEFE,Platform
IntelSetup,0x218,1,SENFE,Platform
IntelSetup,0x220,1,SECE,Platform
IntelSetup,0x228,1,PME SCI,Platform
IntelSetup,0x230,1,Hot Plug,Platform
IntelSetup,0x238,1,PCIe Speed,Platform
IntelSetup,0x200,1,PME Interrupt,Platform
IntelSetup,0x208,1,MSI,Platform
IntelSetup,0x248,1,Extra Bus Reserved,Platform
IntelSetup,0x257,2,Reseved Memory,Platform
IntelSetup,0x260,1,Reseved Memory Alignment,Platform
IntelSetup,0x26F,2,Prefetchable Memory,Platform
IntelSetup,0x278,1,Prefetchable Memory Alignment,Platform
IntelSetup,0x280,1,Reserved I/O,Platform
IntelSetup,0xEC,1,GPIO Lockdown,Platform
IntelSetup,0xED,1,RTC Lock,Platform
IntelSetup,0xEE,1,BIOS Lock,Platform
IntelSetup,0xF0,1,Host Flash Lock-Down,Platform
IntelSetup,0xF1,1,Gbe Flash Lock-Down,Platform
IntelSetup,0x1AB,1,PCH Thermal Device,Platform
IntelSetup,0x1AC,1,Alert Enable Lock,Platform
IntelSetup,0x1AD,1,PCH Alert,Platform
IntelSetup,0x1AE,1,DIMM Alert,Platform
IntelSetup,0x167,1,SATA test mode,Platform
IntelSetup,0x1A3,1,SATA test mode,Platform
IntelSetup,0x141,1,Spin Up Device,Platform
IntelSetup,0x142,1,Spin Up Device,Platform
IntelSetup,0x143,1,Spin Up Device,Platform
IntelSetup,0x144,1,Spin Up Device,Platform
IntelSetup,0x145,1,Spin Up Device,Platform
IntelSetup,0x146,1,Spin Up Device,Platform
IntelSetup,0x17D,1,Spin Up Device,Platform
IntelSetup,0x17E,1,Spin Up Device,Platform
IntelSetup,0x17F,1,Spin Up Device,Platform
IntelSetup,0x180,1,Spin Up Device,Platform
IntelSetup,0xE5,1,SLP_LAN# Low on DC Power,Platform
IntelSetup,0x12A,1,XHCI Idle L1,Platform
IntelSetup,0x110,1,USB XHCI s755 WA,Platform
IntelSetup,0x111,1,USB XHCI Interrupt Remap WA,Platform
IntelSetup,0x1BA,1,DMI Link Extended Synch Control,Platform
IntelSetup,0x1BB,1,Stop and Scream,Platform
IntelSetup,0x1BC,1,Expanded SPI TPM Transaction Length Enable,Platform
IntelSetup,0x1B6,1,Subtractive Decode,Platform
IntelSetup,0x10C6,4,MMCFG Base,Platform
IntelSetup,0x10D6,4,MMIOHBase,Platform
IntelSetup,0x10DA,4,MMIO High Size,Platform
IntelSetup,0x10DE,1,Isoc Mode,Platform
IntelSetup,0x10DF,1,MeSeg Mode,Platform
IntelSetup,0x10E0,1,Numa,Platform
IntelSetup,0x1172,1,Degrade Precedence,Platform
IntelSetup,0x1174,1,Link Speed Mode,Platform
IntelSetup,0x1175,1,Link Frequency Select,Platform
IntelSetup,0x1176,1,Link L0p Enable,Platform
IntelSetup,0x1177,1,Link L1 Enable,Platform
IntelSetup,0x1178,1,Periodic Retrain Interval,Platform
IntelSetup,0x117E,1,Link Credit Reduce,Platform
IntelSetup,0x117F,1,Link Width Selection,Platform
IntelSetup,0x1180,1,QpiAdVNACreditArbThreshold,Platform
IntelSetup,0x1181,1,CRC Mode,Platform
IntelSetup,0x1179,1,QPI Load Board for Failed Links,Platform
IntelSetup,0x1169,1,Legacy VGA Socket,Platform
IntelSetup,0x116A,1,MMIO P2P Disable,Platform
IntelSetup,0x1170,1,E2E Parity Enable,Platform
IntelSetup,0x116E,1,COD Enable,Platform
IntelSetup,0x1171,1,Early Snoop,Platform
IntelSetup,0x17AC,1,Home Dir Snoop with IVT- Style OSB Enable,Platform
IntelSetup,0x1187,1,CPU SKU Type Mismatch check,Platform
IntelSetup,0x116C,1,QPI Debug Print Level,Platform
IntelSetup,0x10F0,1,Resource Auto Adjust,Platform
IntelSetup,0x1173,1,IB PECI,Platform
IntelSetup,0x115D,1,Bus Resources Allocation Ratio,Platform
IntelSetup,0x1161,1,IO Resources Allocation Ratio,Platform
IntelSetup,0x1165,1,MMIOL Resources Allocation Ratio,Platform
IntelSetup,0x117A,1,IIO Disable,Platform
IntelSetup,0x1115,1,Socket IO Alignment (Hex),Platform
IntelSetup,0x1119,4,Socket IO Length (Hex),Platform
IntelSetup,0x1139,1,Socket Alignment (Hex),Platform
IntelSetup,0x113D,4,Socket Length (Hex),Platform
IntelSetup,0x115E,1,Bus Resources Allocation Ratio,Platform
IntelSetup,0x1162,1,IO Resources Allocation Ratio,Platform
IntelSetup,0x1166,1,MMIOL Resources Allocation Ratio,Platform
IntelSetup,0x117B,1,IIO Disable,Platform
IntelSetup,0x1116,1,Socket IO Alignment (Hex),Platform
IntelSetup,0x1121,4,Socket IO Length (Hex),Platform
IntelSetup,0x113A,1,Socket Alignment (Hex),Platform
IntelSetup,0x1145,4,Socket Length (Hex),Platform
IntelSetup,0x115F,1,Bus Resources Allocation Ratio,Platform
IntelSetup,0x1163,1,IO Resources Allocation Ratio,Platform
IntelSetup,0x1167,1,MMIOL Resources Allocation Ratio,Platform
IntelSetup,0x117C,1,IIO Disable,Platform
IntelSetup,0x1117,1,Socket IO Alignment (Hex),Platform
IntelSetup,0x1129,4,Socket IO Length (Hex),Platform
IntelSetup,0x113B,1,Socket Alignment (Hex),Platform
IntelSetup,0x114D,4,Socket Length (Hex),Platform
IntelSetup,0x1160,1,Bus Resources Allocation Ratio,Platform
IntelSetup,0x1164,1,IO Resources Allocation Ratio,Platform
IntelSetup,0x1168,1,MMIOL Resources Allocation Ratio,Platform
IntelSetup,0x117D,1,IIO Disable,Platform
IntelSetup,0x1118,1,Socket IO Alignment (Hex),Platform
IntelSetup,0x1131,4,Socket IO Length (Hex),Platform
IntelSetup,0x113C,1,Socket Alignment (Hex),Platform
IntelSetup,0x1155,4,Socket Length (Hex),Platform
IntelSetup,0x1189,1,Link Disable,Platform
IntelSetup,0x118A,1,Link Credit Reduce,Platform
IntelSetup,0x118B,1,Current QPI Link Speed,Platform
IntelSetup,0x118C,1,Probe Type,Platform
IntelSetup,0x118D,1,Link Width Selection,Platform
IntelSetup,0x118E,1,Link Disable,Platform
IntelSetup,0x118F,1,Link Credit Reduce,Platform
IntelSetup,0x1190,1,Current QPI Link Speed,Platform
IntelSetup,0x1191,1,Probe Type,Platform
IntelSetup,0x1192,1,Link Width Selection,Platform
IntelSetup,0x1771,1,IIO PCIe Link on phase,Platform
IntelSetup,0xC1B,1,PCIe Train by BIOS,Platform
IntelSetup,0x10AC,1,PCIe Hot Plug,Platform
IntelSetup,0x10AD,1,PCIe ACPI Hot Plug,Platform
IntelSetup,0xC1C,1,MultiCast Enable,Platform
IntelSetup,0xC1D,1,MC BaseAddress Range,Platform
IntelSetup,0xC1E,1,MC Index Position,Platform
IntelSetup,0xC1F,1,MC Num Group,Platform
IntelSetup,0xC20,1,EV DFX Features,Platform
IntelSetup,0x10A5,1,TX EQ WA,Platform
IntelSetup,0x10A4,1,WA 4167453,Platform
IntelSetup,0x10A1,1,DMI Vc1 Control,Platform
IntelSetup,0x10A2,1,DMI Vcp Control,Platform
IntelSetup,0x10A3,1,DMI Vcm Control,Platform
IntelSetup,0x10A6,1,VC0 No-Snoop Configuration,Platform
IntelSetup,0x10A7,1,Max Read Comp Comb Size,Platform
IntelSetup,0x10A8,1,Problematic port,Platform
IntelSetup,0x10A9,1,DMI Allocating Write Flows,Platform
IntelSetup,0x10AA,1,PCIe Allocating Write Flows,Platform
IntelSetup,0x10AB,1,Gen3 Phase3 Loop Count,Platform
IntelSetup,0x10AE,1,Map PCIe ports to slot#,Platform
IntelSetup,0x10AF,1,Skip Halt On DMI Degradation,Platform
IntelSetup,0xBB3,1,Power down unused ports,Platform
IntelSetup,0x10B0,1,SLD WA Revision,Platform
IntelSetup,0x10B1,1,Rx Clock WA,Platform
IntelSetup,0x10B2,1,CDR Hang-Up Detector (C0 Only),Platform
IntelSetup,0x10B3,1,CTOC Pre-calibration,Platform
IntelSetup,0x10B4,1,CTOC FPLA Patch,Platform
IntelSetup,0x10B5,1,PME2ACK Timeout,Platform
IntelSetup,0xC18,1,Hide PCU Func 3,Platform
IntelSetup,0xC19,1,EN1K,Platform
IntelSetup,0xC1A,1,Dual CV IO Flow,Platform
IntelSetup,0x10B7,1,ASC response selection,Platform
IntelSetup,0x547,1,PCIE Coherent Read Partial,Platform
IntelSetup,0x548,1,PCIE Coherent Read Full,Platform
IntelSetup,0x53D,1,PCI-E Completion Timeout (Global),Platform
IntelSetup,0x53E,1,PCI-E Global Timeout Value,Platform
IntelSetup,0x549,1,PCI-E ASPM Support (Global),Platform
IntelSetup,0x54A,1,PCIE Stop & Scream Support,Platform
IntelSetup,0x54B,1,Snoop Response Hold Off,Platform
IntelSetup,0x539,1,IOU2 (IIO PCIe Port 1),Platform
IntelSetup,0x531,1,IOU0 (IIO PCIe Port 2),Platform
IntelSetup,0x535,1,IOU1 (IIO PCIe Port 3),Platform
IntelSetup,0x53F,1,PCI-E Completion Timeout,Platform
IntelSetup,0x543,1,PCI-E Completion Timeout Value,Platform
IntelSetup,0x10C1,1,No PCIe port active ECO,Platform
IntelSetup,0x1758,1,IOU0 Non-Posted Prefetch,Platform
IntelSetup,0x175C,1,IOU1 Non-Posted Prefetch,Platform
IntelSetup,0x1760,1,IOU2 Non-Posted Prefetch,Platform
IntelSetup,0x53A,1,IOU2 (IIO PCIe Port 1),Platform
IntelSetup,0x532,1,IOU0 (IIO PCIe Port 2),Platform
IntelSetup,0x536,1,IOU1 (IIO PCIe Port 3),Platform
IntelSetup,0x540,1,PCI-E Completion Timeout,Platform
IntelSetup,0x544,1,PCI-E Completion Timeout Value,Platform
IntelSetup,0x10C2,1,No PCIe port active ECO,Platform
IntelSetup,0x1759,1,IOU0 Non-Posted Prefetch,Platform
IntelSetup,0x175D,1,IOU1 Non-Posted Prefetch,Platform
IntelSetup,0x1761,1,IOU2 Non-Posted Prefetch,Platform
IntelSetup,0x53B,1,IOU2 (IIO PCIe Port 1),Platform
IntelSetup,0x533,1,IOU0 (IIO PCIe Port 2),Platform
IntelSetup,0x537,1,IOU1 (IIO PCIe Port 3),Platform
IntelSetup,0x541,1,PCI-E Completion Timeout,Platform
IntelSetup,0x545,1,PCI-E Completion Timeout Value,Platform
IntelSetup,0x10C3,1,No PCIe port active ECO,Platform
IntelSetup,0x175A,1,IOU0 Non-Posted Prefetch,Platform
IntelSetup,0x175E,1,IOU1 Non-Posted Prefetch,Platform
IntelSetup,0x1762,1,IOU2 Non-Posted Prefetch,Platform
IntelSetup,0x53C,1,IOU2 (IIO PCIe Port 1),Platform
IntelSetup,0x534,1,IOU0 (IIO PCIe Port 2),Platform
IntelSetup,0x538,1,IOU1 (IIO PCIe Port 3),Platform
IntelSetup,0x542,1,PCI-E Completion Timeout,Platform
IntelSetup,0x546,1,PCI-E Completion Timeout Value,Platform
IntelSetup,0x10C4,1,No PCIe port active ECO,Platform
IntelSetup,0x175B,1,IOU0 Non-Posted Prefetch,Platform
IntelSetup,0x175F,1,IOU1 Non-Posted Prefetch,Platform
IntelSetup,0x1763,1,IOU2 Non-Posted Prefetch,Platform
IntelSetup,0x2F2,1,TXT DPR memory setting,Platform
IntelSetup,0x2E9,1,VTd Azalea VCp Optimizations,Platform
IntelSetup,0x178C,1,InvalidId,Platform
IntelSetup,0x2EB,1,Interrupt Remapping,Platform
IntelSetup,0x2ED,1,Coherency Support (Non-Isoch),Platform
IntelSetup,0x2EE,1,Coherency Support (Isoch),Platform
IntelSetup,0x10B8,1,InvalidId,Platform
IntelSetup,0x10B9,1,InvalidId,Platform
IntelSetup,0x10BA,1,InvalidId,Platform
IntelSetup,0x10BB,1,InvalidId,Platform
IntelSetup,0x10BC,1,InvalidId,Platform
IntelSetup,0x10BD,1,InvalidId,Platform
IntelSetup,0x10BE,1,InvalidId,Platform
IntelSetup,0x10BF,1,InvalidId,Platform
IntelSetup,0xB68,1,Enable IOAT,Platform
IntelSetup,0xB69,1,No Snoop,Platform
IntelSetup,0xBAF,1,Disable TPH,Platform
IntelSetup,0xBB0,1,Relaxed Ordering,Platform
IntelSetup,0x1799,1,Apply BDX CBDMA ECO,Platform
IntelSetup,0xB6A,1,DCA,Platform
IntelSetup,0xB6E,1,DMA,Platform
IntelSetup,0xB8E,1,No Snoop,Platform
IntelSetup,0xB6F,1,DMA,Platform
IntelSetup,0xB8F,1,No Snoop,Platform
IntelSetup,0xB70,1,DMA,Platform
IntelSetup,0xB90,1,No Snoop,Platform
IntelSetup,0xB71,1,DMA,Platform
IntelSetup,0xB91,1,No Snoop,Platform
IntelSetup,0xB72,1,DMA,Platform
IntelSetup,0xB92,1,No Snoop,Platform
IntelSetup,0xB73,1,DMA,Platform
IntelSetup,0xB93,1,No Snoop,Platform
IntelSetup,0xB74,1,DMA,Platform
IntelSetup,0xB94,1,No Snoop,Platform
IntelSetup,0xB75,1,DMA,Platform
IntelSetup,0xB95,1,No Snoop,Platform
IntelSetup,0xB6B,1,DCA,Platform
IntelSetup,0xB76,1,DMA,Platform
IntelSetup,0xB96,1,No Snoop,Platform
IntelSetup,0xB77,1,DMA,Platform
IntelSetup,0xB97,1,No Snoop,Platform
IntelSetup,0xB78,1,DMA,Platform
IntelSetup,0xB98,1,No Snoop,Platform
IntelSetup,0xB79,1,DMA,Platform
IntelSetup,0xB99,1,No Snoop,Platform
IntelSetup,0xB7A,1,DMA,Platform
IntelSetup,0xB9A,1,No Snoop,Platform
IntelSetup,0xB7B,1,DMA,Platform
IntelSetup,0xB9B,1,No Snoop,Platform
IntelSetup,0xB7C,1,DMA,Platform
IntelSetup,0xB9C,1,No Snoop,Platform
IntelSetup,0xB7D,1,DMA,Platform
IntelSetup,0xB9D,1,No Snoop,Platform
IntelSetup,0xB6C,1,DCA,Platform
IntelSetup,0xB7E,1,DMA,Platform
IntelSetup,0xB9E,1,No Snoop,Platform
IntelSetup,0xB7F,1,DMA,Platform
IntelSetup,0xB9F,1,No Snoop,Platform
IntelSetup,0xB80,1,DMA,Platform
IntelSetup,0xBA0,1,No Snoop,Platform
IntelSetup,0xB81,1,DMA,Platform
IntelSetup,0xBA1,1,No Snoop,Platform
IntelSetup,0xB82,1,DMA,Platform
IntelSetup,0xBA2,1,No Snoop,Platform
IntelSetup,0xB83,1,DMA,Platform
IntelSetup,0xBA3,1,No Snoop,Platform
IntelSetup,0xB84,1,DMA,Platform
IntelSetup,0xBA4,1,No Snoop,Platform
IntelSetup,0xB85,1,DMA,Platform
IntelSetup,0xBA5,1,No Snoop,Platform
IntelSetup,0xB6D,1,DCA,Platform
IntelSetup,0xB86,1,DMA,Platform
IntelSetup,0xBA6,1,No Snoop,Platform
IntelSetup,0xB87,1,DMA,Platform
IntelSetup,0xBA7,1,No Snoop,Platform
IntelSetup,0xB88,1,DMA,Platform
IntelSetup,0xBA8,1,No Snoop,Platform
IntelSetup,0xB89,1,DMA,Platform
IntelSetup,0xBA9,1,No Snoop,Platform
IntelSetup,0xB8A,1,DMA,Platform
IntelSetup,0xBAA,1,No Snoop,Platform
IntelSetup,0xB8B,1,DMA,Platform
IntelSetup,0xBAB,1,No Snoop,Platform
IntelSetup,0xB8C,1,DMA,Platform
IntelSetup,0xBAC,1,No Snoop,Platform
IntelSetup,0xB8D,1,DMA,Platform
IntelSetup,0xBAD,1,No Snoop,Platform
IntelSetup,0x176C,1,InvalidId,Platform
IntelSetup,0x80D,1,Link Speed,Platform
IntelSetup,0x172C,1,Override Max Link Width,Platform
IntelSetup,0x865,1,PCI-E Port DeEmphasis,Platform
IntelSetup,0x5A5,1,PCI-E Port Clocking,Platform
IntelSetup,0x5D1,1,PCI-E Slot Clock Source,Platform
IntelSetup,0x5FD,1,PCI-E Port Max Payload Size,Platform
IntelSetup,0x629,1,PCI-E Port D-state,Platform
IntelSetup,0x579,1,PCI-E ASPM Support,Platform
IntelSetup,0x655,1,PCI-E Port L0s Exit Latency,Platform
IntelSetup,0x681,1,PCI-E Port L1 Exit Latency,Platform
IntelSetup,0x6AD,1,MSI,Platform
IntelSetup,0x6D9,1,PCI-E Extended Sync,Platform
IntelSetup,0x839,1,Compliance Mode,Platform
IntelSetup,0x891,1,EOI,Platform
IntelSetup,0x8BD,1,Fatal Err Over,Platform
IntelSetup,0x8E9,1,Non-Fatal Err Over,Platform
IntelSetup,0x915,1,Corr Err Over,Platform
IntelSetup,0x941,1,ACPI PME Interrupt,Platform
IntelSetup,0x96D,1,L0s Support,Platform
IntelSetup,0x9C5,1,P2P Memory Write,Platform
IntelSetup,0x9F1,1,P2P Memory Read,Platform
IntelSetup,0xA5F,1,PME to ACK,Platform
IntelSetup,0x732,1,PCI-E Port,Platform
IntelSetup,0x3FC,1,Hot Plug Capable,Platform
IntelSetup,0xC4E,1,Extra Bus Reserved,Platform
IntelSetup,0xC7B,2,Reserved Memory,Platform
IntelSetup,0xD56,1,Reseved Memory Alignment,Platform
IntelSetup,0xCD3,2,Prefetchable Memory,Platform
IntelSetup,0xD82,1,Prefetchable Memory Alignment,Platform
IntelSetup,0xD2A,1,Reserved I/O,Platform
IntelSetup,0x54E,1,PCI-E Port Link,Platform
IntelSetup,0x80E,1,Link Speed,Platform
IntelSetup,0x172D,1,Override Max Link Width,Platform
IntelSetup,0x866,1,PCI-E Port DeEmphasis,Platform
IntelSetup,0x5A6,1,PCI-E Port Clocking,Platform
IntelSetup,0x5D2,1,PCI-E Slot Clock Source,Platform
IntelSetup,0x5FE,1,PCI-E Port Max Payload Size,Platform
IntelSetup,0x62A,1,PCI-E Port D-state,Platform
IntelSetup,0x57A,1,PCI-E ASPM Support,Platform
IntelSetup,0x656,1,PCI-E Port L0s Exit Latency,Platform
IntelSetup,0x682,1,PCI-E Port L1 Exit Latency,Platform
IntelSetup,0x6AE,1,MSI,Platform
IntelSetup,0x6DA,1,PCI-E Extended Sync,Platform
IntelSetup,0x83A,1,Compliance Mode,Platform
IntelSetup,0x892,1,EOI,Platform
IntelSetup,0x8BE,1,Fatal Err Over,Platform
IntelSetup,0x8EA,1,Non-Fatal Err Over,Platform
IntelSetup,0x916,1,Corr Err Over,Platform
IntelSetup,0x942,1,ACPI PME Interrupt,Platform
IntelSetup,0x96E,1,L0s Support,Platform
IntelSetup,0x9C6,1,P2P Memory Write,Platform
IntelSetup,0x9F2,1,P2P Memory Read,Platform
IntelSetup,0xA60,1,PME to ACK,Platform
IntelSetup,0xAA2,1,HotPlug ACPI Mode,Platform
IntelSetup,0xACE,1,PM ACPI Mode,Platform
IntelSetup,0xE0E,1,Gen3 Eq Mode,Platform
IntelSetup,0xE3A,1,Gen3 Spec Mode,Platform
IntelSetup,0xE92,1,Gen3 Phase2 Mode,Platform
IntelSetup,0xEEA,1,Ph2 TxEq Precursor,Platform
IntelSetup,0xF16,1,Ph2 TxEq Cursor,Platform
IntelSetup,0xF42,1,Ph2 TxEq Postcursor,Platform
IntelSetup,0xEBE,1,Gen3 Phase3 Mode,Platform
IntelSetup,0xF6E,1,Ph3 TxEq Precursor,Platform
IntelSetup,0xF9A,1,Ph3 TxEq Cursor,Platform
IntelSetup,0xFC6,1,Ph3 TxEq Postcursor,Platform
IntelSetup,0xE66,1,Gen3 Linkup Flow,Platform
IntelSetup,0xFF2,1,Gen3 Retrain Type,Platform
IntelSetup,0x101E,1,Gen3 DN Tx Preset,Platform
IntelSetup,0x104A,1,Gen3 DN Rx Preset Hint,Platform
IntelSetup,0x1076,1,Gen3 UP Tx Preset,Platform
IntelSetup,0xBB5,1,Hide Port?,Platform
IntelSetup,0x1701,1,Pcie Ecrc,Platform
IntelSetup,0x733,1,PCI-E Port,Platform
IntelSetup,0x3FD,1,Hot Plug Capable,Platform
IntelSetup,0xC4F,1,Extra Bus Reserved,Platform
IntelSetup,0xC7D,2,Reserved Memory,Platform
IntelSetup,0xD57,1,Reseved Memory Alignment,Platform
IntelSetup,0xCD5,2,Prefetchable Memory,Platform
IntelSetup,0xD83,1,Prefetchable Memory Alignment,Platform
IntelSetup,0xD2B,1,Reserved I/O,Platform
IntelSetup,0x54F,1,PCI-E Port Link,Platform
IntelSetup,0x80F,1,Link Speed,Platform
IntelSetup,0x172E,1,Override Max Link Width,Platform
IntelSetup,0x867,1,PCI-E Port DeEmphasis,Platform
IntelSetup,0x5A7,1,PCI-E Port Clocking,Platform
IntelSetup,0x5D3,1,PCI-E Slot Clock Source,Platform
IntelSetup,0x5FF,1,PCI-E Port Max Payload Size,Platform
IntelSetup,0x62B,1,PCI-E Port D-state,Platform
IntelSetup,0x57B,1,PCI-E ASPM Support,Platform
IntelSetup,0x657,1,PCI-E Port L0s Exit Latency,Platform
IntelSetup,0x683,1,PCI-E Port L1 Exit Latency,Platform
IntelSetup,0x6AF,1,MSI,Platform
IntelSetup,0x6DB,1,PCI-E Extended Sync,Platform
IntelSetup,0x83B,1,Compliance Mode,Platform
IntelSetup,0x893,1,EOI,Platform
IntelSetup,0x8BF,1,Fatal Err Over,Platform
IntelSetup,0x8EB,1,Non-Fatal Err Over,Platform
IntelSetup,0x917,1,Corr Err Over,Platform
IntelSetup,0x943,1,ACPI PME Interrupt,Platform
IntelSetup,0x96F,1,L0s Support,Platform
IntelSetup,0x9C7,1,P2P Memory Write,Platform
IntelSetup,0x9F3,1,P2P Memory Read,Platform
IntelSetup,0xA61,1,PME to ACK,Platform
IntelSetup,0xAA3,1,HotPlug ACPI Mode,Platform
IntelSetup,0xACF,1,PM ACPI Mode,Platform
IntelSetup,0xE0F,1,Gen3 Eq Mode,Platform
IntelSetup,0xE3B,1,Gen3 Spec Mode,Platform
IntelSetup,0xE93,1,Gen3 Phase2 Mode,Platform
IntelSetup,0xEEB,1,Ph2 TxEq Precursor,Platform
IntelSetup,0xF17,1,Ph2 TxEq Cursor,Platform
IntelSetup,0xF43,1,Ph2 TxEq Postcursor,Platform
IntelSetup,0xEBF,1,Gen3 Phase3 Mode,Platform
IntelSetup,0xF6F,1,Ph3 TxEq Precursor,Platform
IntelSetup,0xF9B,1,Ph3 TxEq Cursor,Platform
IntelSetup,0xFC7,1,Ph3 TxEq Postcursor,Platform
IntelSetup,0xE67,1,Gen3 Linkup Flow,Platform
IntelSetup,0xFF3,1,Gen3 Retrain Type,Platform
IntelSetup,0x101F,1,Gen3 DN Tx Preset,Platform
IntelSetup,0x104B,1,Gen3 DN Rx Preset Hint,Platform
IntelSetup,0x1077,1,Gen3 UP Tx Preset,Platform
IntelSetup,0xBB6,1,Hide Port?,Platform
IntelSetup,0x1702,1,Pcie Ecrc,Platform
IntelSetup,0x734,1,PCI-E Port,Platform
IntelSetup,0x3FE,1,Hot Plug Capable,Platform
IntelSetup,0xC50,1,Extra Bus Reserved,Platform
IntelSetup,0xC7F,2,Reserved Memory,Platform
IntelSetup,0xD58,1,Reseved Memory Alignment,Platform
IntelSetup,0xCD7,2,Prefetchable Memory,Platform
IntelSetup,0xD84,1,Prefetchable Memory Alignment,Platform
IntelSetup,0xD2C,1,Reserved I/O,Platform
IntelSetup,0x550,1,PCI-E Port Link,Platform
IntelSetup,0x810,1,Link Speed,Platform
IntelSetup,0x172F,1,Override Max Link Width,Platform
IntelSetup,0x868,1,PCI-E Port DeEmphasis,Platform
IntelSetup,0x5A8,1,PCI-E Port Clocking,Platform
IntelSetup,0x5D4,1,PCI-E Slot Clock Source,Platform
IntelSetup,0x600,1,PCI-E Port Max Payload Size,Platform
IntelSetup,0x62C,1,PCI-E Port D-state,Platform
IntelSetup,0x57C,1,PCI-E ASPM Support,Platform
IntelSetup,0x658,1,PCI-E Port L0s Exit Latency,Platform
IntelSetup,0x684,1,PCI-E Port L1 Exit Latency,Platform
IntelSetup,0x6B0,1,MSI,Platform
IntelSetup,0x6DC,1,PCI-E Extended Sync,Platform
IntelSetup,0x83C,1,Compliance Mode,Platform
IntelSetup,0x894,1,EOI,Platform
IntelSetup,0x8C0,1,Fatal Err Over,Platform
IntelSetup,0x8EC,1,Non-Fatal Err Over,Platform
IntelSetup,0x918,1,Corr Err Over,Platform
IntelSetup,0x944,1,ACPI PME Interrupt,Platform
IntelSetup,0x970,1,L0s Support,Platform
IntelSetup,0x9C8,1,P2P Memory Write,Platform
IntelSetup,0x9F4,1,P2P Memory Read,Platform
IntelSetup,0xA62,1,PME to ACK,Platform
IntelSetup,0xAA4,1,HotPlug ACPI Mode,Platform
IntelSetup,0xAD0,1,PM ACPI Mode,Platform
IntelSetup,0xE10,1,Gen3 Eq Mode,Platform
IntelSetup,0xE3C,1,Gen3 Spec Mode,Platform
IntelSetup,0xE94,1,Gen3 Phase2 Mode,Platform
IntelSetup,0xEEC,1,Ph2 TxEq Precursor,Platform
IntelSetup,0xF18,1,Ph2 TxEq Cursor,Platform
IntelSetup,0xF44,1,Ph2 TxEq Postcursor,Platform
IntelSetup,0xEC0,1,Gen3 Phase3 Mode,Platform
IntelSetup,0xF70,1,Ph3 TxEq Precursor,Platform
IntelSetup,0xF9C,1,Ph3 TxEq Cursor,Platform
IntelSetup,0xFC8,1,Ph3 TxEq Postcursor,Platform
IntelSetup,0xE68,1,Gen3 Linkup Flow,Platform
IntelSetup,0xFF4,1,Gen3 Retrain Type,Platform
IntelSetup,0x1020,1,Gen3 DN Tx Preset,Platform
IntelSetup,0x104C,1,Gen3 DN Rx Preset Hint,Platform
IntelSetup,0x1078,1,Gen3 UP Tx Preset,Platform
IntelSetup,0xBB7,1,Hide Port?,Platform
IntelSetup,0x1703,1,Pcie Ecrc,Platform
IntelSetup,0x735,1,PCI-E Port,Platform
IntelSetup,0x3FF,1,Hot Plug Capable,Platform
IntelSetup,0xC51,1,Extra Bus Reserved,Platform
IntelSetup,0xC81,2,Reserved Memory,Platform
IntelSetup,0xD59,1,Reseved Memory Alignment,Platform
IntelSetup,0xCD9,2,Prefetchable Memory,Platform
IntelSetup,0xD85,1,Prefetchable Memory Alignment,Platform
IntelSetup,0xD2D,1,Reserved I/O,Platform
IntelSetup,0x551,1,PCI-E Port Link,Platform
IntelSetup,0x811,1,Link Speed,Platform
IntelSetup,0x1730,1,Override Max Link Width,Platform
IntelSetup,0x869,1,PCI-E Port DeEmphasis,Platform
IntelSetup,0x5A9,1,PCI-E Port Clocking,Platform
IntelSetup,0x5D5,1,PCI-E Slot Clock Source,Platform
IntelSetup,0x601,1,PCI-E Port Max Payload Size,Platform
IntelSetup,0x62D,1,PCI-E Port D-state,Platform
IntelSetup,0x57D,1,PCI-E ASPM Support,Platform
IntelSetup,0x659,1,PCI-E Port L0s Exit Latency,Platform
IntelSetup,0x685,1,PCI-E Port L1 Exit Latency,Platform
IntelSetup,0x6B1,1,MSI,Platform
IntelSetup,0x6DD,1,PCI-E Extended Sync,Platform
IntelSetup,0x83D,1,Compliance Mode,Platform
IntelSetup,0x895,1,EOI,Platform
IntelSetup,0x8C1,1,Fatal Err Over,Platform
IntelSetup,0x8ED,1,Non-Fatal Err Over,Platform
IntelSetup,0x919,1,Corr Err Over,Platform
IntelSetup,0x945,1,ACPI PME Interrupt,Platform
IntelSetup,0x971,1,L0s Support,Platform
IntelSetup,0x9C9,1,P2P Memory Write,Platform
IntelSetup,0x9F5,1,P2P Memory Read,Platform
IntelSetup,0xA63,1,PME to ACK,Platform
IntelSetup,0xAA5,1,HotPlug ACPI Mode,Platform
IntelSetup,0xAD1,1,PM ACPI Mode,Platform
IntelSetup,0xE11,1,Gen3 Eq Mode,Platform
IntelSetup,0xE3D,1,Gen3 Spec Mode,Platform
IntelSetup,0xE95,1,Gen3 Phase2 Mode,Platform
IntelSetup,0xEED,1,Ph2 TxEq Precursor,Platform
IntelSetup,0xF19,1,Ph2 TxEq Cursor,Platform
IntelSetup,0xF45,1,Ph2 TxEq Postcursor,Platform
IntelSetup,0xEC1,1,Gen3 Phase3 Mode,Platform
IntelSetup,0xF71,1,Ph3 TxEq Precursor,Platform
IntelSetup,0xF9D,1,Ph3 TxEq Cursor,Platform
IntelSetup,0xFC9,1,Ph3 TxEq Postcursor,Platform
IntelSetup,0xE69,1,Gen3 Linkup Flow,Platform
IntelSetup,0xFF5,1,Gen3 Retrain Type,Platform
IntelSetup,0x1021,1,Gen3 DN Tx Preset,Platform
IntelSetup,0x104D,1,Gen3 DN Rx Preset Hint,Platform
IntelSetup,0x1079,1,Gen3 UP Tx Preset,Platform
IntelSetup,0xBB8,1,Hide Port?,Platform
IntelSetup,0x1704,1,Pcie Ecrc,Platform
IntelSetup,0x736,1,PCI-E Port,Platform
IntelSetup,0x400,1,Hot Plug Capable,Platform
IntelSetup,0xC52,1,Extra Bus Reserved,Platform
IntelSetup,0xC83,2,Reserved Memory,Platform
IntelSetup,0xD5A,1,Reseved Memory Alignment,Platform
IntelSetup,0xCDB,2,Prefetchable Memory,Platform
IntelSetup,0xD86,1,Prefetchable Memory Alignment,Platform
IntelSetup,0xD2E,1,Reserved I/O,Platform
IntelSetup,0x552,1,PCI-E Port Link,Platform
IntelSetup,0x812,1,Link Speed,Platform
IntelSetup,0x1731,1,Override Max Link Width,Platform
IntelSetup,0x86A,1,PCI-E Port DeEmphasis,Platform
IntelSetup,0x5AA,1,PCI-E Port Clocking,Platform
IntelSetup,0x5D6,1,PCI-E Slot Clock Source,Platform
IntelSetup,0x602,1,PCI-E Port Max Payload Size,Platform
IntelSetup,0x62E,1,PCI-E Port D-state,Platform
IntelSetup,0x57E,1,PCI-E ASPM Support,Platform
IntelSetup,0x65A,1,PCI-E Port L0s Exit Latency,Platform
IntelSetup,0x686,1,PCI-E Port L1 Exit Latency,Platform
IntelSetup,0x6B2,1,MSI,Platform
IntelSetup,0x6DE,1,PCI-E Extended Sync,Platform
IntelSetup,0x83E,1,Compliance Mode,Platform
IntelSetup,0x896,1,EOI,Platform
IntelSetup,0x8C2,1,Fatal Err Over,Platform
IntelSetup,0x8EE,1,Non-Fatal Err Over,Platform
IntelSetup,0x91A,1,Corr Err Over,Platform
IntelSetup,0x946,1,ACPI PME Interrupt,Platform
IntelSetup,0x972,1,L0s Support,Platform
IntelSetup,0x9CA,1,P2P Memory Write,Platform
IntelSetup,0x9F6,1,P2P Memory Read,Platform
IntelSetup,0xA64,1,PME to ACK,Platform
IntelSetup,0xAA6,1,HotPlug ACPI Mode,Platform
IntelSetup,0xAD2,1,PM ACPI Mode,Platform
IntelSetup,0xE12,1,Gen3 Eq Mode,Platform
IntelSetup,0xE3E,1,Gen3 Spec Mode,Platform
IntelSetup,0xE96,1,Gen3 Phase2 Mode,Platform
IntelSetup,0xEEE,1,Ph2 TxEq Precursor,Platform
IntelSetup,0xF1A,1,Ph2 TxEq Cursor,Platform
IntelSetup,0xF46,1,Ph2 TxEq Postcursor,Platform
IntelSetup,0xEC2,1,Gen3 Phase3 Mode,Platform
IntelSetup,0xF72,1,Ph3 TxEq Precursor,Platform
IntelSetup,0xF9E,1,Ph3 TxEq Cursor,Platform
IntelSetup,0xFCA,1,Ph3 TxEq Postcursor,Platform
IntelSetup,0xE6A,1,Gen3 Linkup Flow,Platform
IntelSetup,0xFF6,1,Gen3 Retrain Type,Platform
IntelSetup,0x1022,1,Gen3 DN Tx Preset,Platform
IntelSetup,0x104E,1,Gen3 DN Rx Preset Hint,Platform
IntelSetup,0x107A,1,Gen3 UP Tx Preset,Platform
IntelSetup,0xBB9,1,Hide Port?,Platform
IntelSetup,0x1705,1,Pcie Ecrc,Platform
IntelSetup,0x737,1,PCI-E Port,Platform
IntelSetup,0x401,1,Hot Plug Capable,Platform
IntelSetup,0xC53,1,Extra Bus Reserved,Platform
IntelSetup,0xC85,2,Reserved Memory,Platform
IntelSetup,0xD5B,1,Reseved Memory Alignment,Platform
IntelSetup,0xCDD,2,Prefetchable Memory,Platform
IntelSetup,0xD87,1,Prefetchable Memory Alignment,Platform
IntelSetup,0xD2F,1,Reserved I/O,Platform
IntelSetup,0x553,1,PCI-E Port Link,Platform
IntelSetup,0x813,1,Link Speed,Platform
IntelSetup,0x1732,1,Override Max Link Width,Platform
IntelSetup,0x86B,1,PCI-E Port DeEmphasis,Platform
IntelSetup,0x5AB,1,PCI-E Port Clocking,Platform
IntelSetup,0x5D7,1,PCI-E Slot Clock Source,Platform
IntelSetup,0x603,1,PCI-E Port Max Payload Size,Platform
IntelSetup,0x62F,1,PCI-E Port D-state,Platform
IntelSetup,0x57F,1,PCI-E ASPM Support,Platform
IntelSetup,0x65B,1,PCI-E Port L0s Exit Latency,Platform
IntelSetup,0x687,1,PCI-E Port L1 Exit Latency,Platform
IntelSetup,0x6B3,1,MSI,Platform
IntelSetup,0x6DF,1,PCI-E Extended Sync,Platform
IntelSetup,0x83F,1,Compliance Mode,Platform
IntelSetup,0x897,1,EOI,Platform
IntelSetup,0x8C3,1,Fatal Err Over,Platform
IntelSetup,0x8EF,1,Non-Fatal Err Over,Platform
IntelSetup,0x91B,1,Corr Err Over,Platform
IntelSetup,0x947,1,ACPI PME Interrupt,Platform
IntelSetup,0x973,1,L0s Support,Platform
IntelSetup,0x9CB,1,P2P Memory Write,Platform
IntelSetup,0x9F7,1,P2P Memory Read,Platform
IntelSetup,0xA65,1,PME to ACK,Platform
IntelSetup,0xAA7,1,HotPlug ACPI Mode,Platform
IntelSetup,0xAD3,1,PM ACPI Mode,Platform
IntelSetup,0xE13,1,Gen3 Eq Mode,Platform
IntelSetup,0xE3F,1,Gen3 Spec Mode,Platform
IntelSetup,0xE97,1,Gen3 Phase2 Mode,Platform
IntelSetup,0xEEF,1,Ph2 TxEq Precursor,Platform
IntelSetup,0xF1B,1,Ph2 TxEq Cursor,Platform
IntelSetup,0xF47,1,Ph2 TxEq Postcursor,Platform
IntelSetup,0xEC3,1,Gen3 Phase3 Mode,Platform
IntelSetup,0xF73,1,Ph3 TxEq Precursor,Platform
IntelSetup,0xF9F,1,Ph3 TxEq Cursor,Platform
IntelSetup,0xFCB,1,Ph3 TxEq Postcursor,Platform
IntelSetup,0xE6B,1,Gen3 Linkup Flow,Platform
IntelSetup,0xFF7,1,Gen3 Retrain Type,Platform
IntelSetup,0x1023,1,Gen3 DN Tx Preset,Platform
IntelSetup,0x104F,1,Gen3 DN Rx Preset Hint,Platform
IntelSetup,0x107B,1,Gen3 UP Tx Preset,Platform
IntelSetup,0xBBA,1,Hide Port?,Platform
IntelSetup,0x1706,1,Pcie Ecrc,Platform
IntelSetup,0x738,1,PCI-E Port,Platform
IntelSetup,0x402,1,Hot Plug Capable,Platform
IntelSetup,0xC54,1,Extra Bus Reserved,Platform
IntelSetup,0xC87,2,Reserved Memory,Platform
IntelSetup,0xD5C,1,Reseved Memory Alignment,Platform
IntelSetup,0xCDF,2,Prefetchable Memory,Platform
IntelSetup,0xD88,1,Prefetchable Memory Alignment,Platform
IntelSetup,0xD30,1,Reserved I/O,Platform
IntelSetup,0x554,1,PCI-E Port Link,Platform
IntelSetup,0x814,1,Link Speed,Platform
IntelSetup,0x1733,1,Override Max Link Width,Platform
IntelSetup,0x86C,1,PCI-E Port DeEmphasis,Platform
IntelSetup,0x5AC,1,PCI-E Port Clocking,Platform
IntelSetup,0x5D8,1,PCI-E Slot Clock Source,Platform
IntelSetup,0x604,1,PCI-E Port Max Payload Size,Platform
IntelSetup,0x630,1,PCI-E Port D-state,Platform
IntelSetup,0x580,1,PCI-E ASPM Support,Platform
IntelSetup,0x65C,1,PCI-E Port L0s Exit Latency,Platform
IntelSetup,0x688,1,PCI-E Port L1 Exit Latency,Platform
IntelSetup,0x6B4,1,MSI,Platform
IntelSetup,0x6E0,1,PCI-E Extended Sync,Platform
IntelSetup,0x840,1,Compliance Mode,Platform
IntelSetup,0x898,1,EOI,Platform
IntelSetup,0x8C4,1,Fatal Err Over,Platform
IntelSetup,0x8F0,1,Non-Fatal Err Over,Platform
IntelSetup,0x91C,1,Corr Err Over,Platform
IntelSetup,0x948,1,ACPI PME Interrupt,Platform
IntelSetup,0x974,1,L0s Support,Platform
IntelSetup,0x9CC,1,P2P Memory Write,Platform
IntelSetup,0x9F8,1,P2P Memory Read,Platform
IntelSetup,0xA66,1,PME to ACK,Platform
IntelSetup,0xAA8,1,HotPlug ACPI Mode,Platform
IntelSetup,0xAD4,1,PM ACPI Mode,Platform
IntelSetup,0xE14,1,Gen3 Eq Mode,Platform
IntelSetup,0xE40,1,Gen3 Spec Mode,Platform
IntelSetup,0xE98,1,Gen3 Phase2 Mode,Platform
IntelSetup,0xEF0,1,Ph2 TxEq Precursor,Platform
IntelSetup,0xF1C,1,Ph2 TxEq Cursor,Platform
IntelSetup,0xF48,1,Ph2 TxEq Postcursor,Platform
IntelSetup,0xEC4,1,Gen3 Phase3 Mode,Platform
IntelSetup,0xF74,1,Ph3 TxEq Precursor,Platform
IntelSetup,0xFA0,1,Ph3 TxEq Cursor,Platform
IntelSetup,0xFCC,1,Ph3 TxEq Postcursor,Platform
IntelSetup,0xE6C,1,Gen3 Linkup Flow,Platform
IntelSetup,0xFF8,1,Gen3 Retrain Type,Platform
IntelSetup,0x1024,1,Gen3 DN Tx Preset,Platform
IntelSetup,0x1050,1,Gen3 DN Rx Preset Hint,Platform
IntelSetup,0x107C,1,Gen3 UP Tx Preset,Platform
IntelSetup,0xDD9,1,Non-Transparent Bridge PCIe Port Definition,Platform
IntelSetup,0xDDD,1,Enable NTB BARs,Platform
IntelSetup,0xDE1,1,Enable SPLIT BARs,Platform
IntelSetup,0xDE5,1,Primary BAR 23 Size,Platform
IntelSetup,0xDED,1,Primary BAR 4 Size,Platform
IntelSetup,0xDF1,1,Primary BAR 5 Size,Platform
IntelSetup,0xDE9,1,Primary BAR 45 Size,Platform
IntelSetup,0xDF5,1,Secondary BAR 23 Size,Platform
IntelSetup,0xDFD,1,Secondary BAR 4 Size,Platform
IntelSetup,0xE01,1,Secondary BAR 5 Size,Platform
IntelSetup,0xDF9,1,Secondary BAR 45 Size,Platform
IntelSetup,0xE05,1,Secondary BAR 0/1 Prefetchable,Platform
IntelSetup,0xE09,1,Crosslink control Override,Platform
IntelSetup,0xBBB,1,Hide Port?,Platform
IntelSetup,0x1707,1,Pcie Ecrc,Platform
IntelSetup,0x739,1,PCI-E Port,Platform
IntelSetup,0x403,1,Hot Plug Capable,Platform
IntelSetup,0xC55,1,Extra Bus Reserved,Platform
IntelSetup,0xC89,2,Reserved Memory,Platform
IntelSetup,0xD5D,1,Reseved Memory Alignment,Platform
IntelSetup,0xCE1,2,Prefetchable Memory,Platform
IntelSetup,0xD89,1,Prefetchable Memory Alignment,Platform
IntelSetup,0xD31,1,Reserved I/O,Platform
IntelSetup,0x555,1,PCI-E Port Link,Platform
IntelSetup,0x815,1,Link Speed,Platform
IntelSetup,0x1734,1,Override Max Link Width,Platform
IntelSetup,0x86D,1,PCI-E Port DeEmphasis,Platform
IntelSetup,0x5AD,1,PCI-E Port Clocking,Platform
IntelSetup,0x5D9,1,PCI-E Slot Clock Source,Platform
IntelSetup,0x605,1,PCI-E Port Max Payload Size,Platform
IntelSetup,0x631,1,PCI-E Port D-state,Platform
IntelSetup,0x581,1,PCI-E ASPM Support,Platform
IntelSetup,0x65D,1,PCI-E Port L0s Exit Latency,Platform
IntelSetup,0x689,1,PCI-E Port L1 Exit Latency,Platform
IntelSetup,0x6B5,1,MSI,Platform
IntelSetup,0x6E1,1,PCI-E Extended Sync,Platform
IntelSetup,0x841,1,Compliance Mode,Platform
IntelSetup,0x899,1,EOI,Platform
IntelSetup,0x8C5,1,Fatal Err Over,Platform
IntelSetup,0x8F1,1,Non-Fatal Err Over,Platform
IntelSetup,0x91D,1,Corr Err Over,Platform
IntelSetup,0x949,1,ACPI PME Interrupt,Platform
IntelSetup,0x975,1,L0s Support,Platform
IntelSetup,0x9CD,1,P2P Memory Write,Platform
IntelSetup,0x9F9,1,P2P Memory Read,Platform
IntelSetup,0xA67,1,PME to ACK,Platform
IntelSetup,0xAA9,1,HotPlug ACPI Mode,Platform
IntelSetup,0xAD5,1,PM ACPI Mode,Platform
IntelSetup,0xE15,1,Gen3 Eq Mode,Platform
IntelSetup,0xE41,1,Gen3 Spec Mode,Platform
IntelSetup,0xE99,1,Gen3 Phase2 Mode,Platform
IntelSetup,0xEF1,1,Ph2 TxEq Precursor,Platform
IntelSetup,0xF1D,1,Ph2 TxEq Cursor,Platform
IntelSetup,0xF49,1,Ph2 TxEq Postcursor,Platform
IntelSetup,0xEC5,1,Gen3 Phase3 Mode,Platform
IntelSetup,0xF75,1,Ph3 TxEq Precursor,Platform
IntelSetup,0xFA1,1,Ph3 TxEq Cursor,Platform
IntelSetup,0xFCD,1,Ph3 TxEq Postcursor,Platform
IntelSetup,0xE6D,1,Gen3 Linkup Flow,Platform
IntelSetup,0xFF9,1,Gen3 Retrain Type,Platform
IntelSetup,0x1025,1,Gen3 DN Tx Preset,Platform
IntelSetup,0x1051,1,Gen3 DN Rx Preset Hint,Platform
IntelSetup,0x107D,1,Gen3 UP Tx Preset,Platform
IntelSetup,0xBBC,1,Hide Port?,Platform
IntelSetup,0x1708,1,Pcie Ecrc,Platform
IntelSetup,0x73A,1,PCI-E Port,Platform
IntelSetup,0x404,1,Hot Plug Capable,Platform
IntelSetup,0xC56,1,Extra Bus Reserved,Platform
IntelSetup,0xC8B,2,Reserved Memory,Platform
IntelSetup,0xD5E,1,Reseved Memory Alignment,Platform
IntelSetup,0xCE3,2,Prefetchable Memory,Platform
IntelSetup,0xD8A,1,Prefetchable Memory Alignment,Platform
IntelSetup,0xD32,1,Reserved I/O,Platform
IntelSetup,0x556,1,PCI-E Port Link,Platform
IntelSetup,0x816,1,Link Speed,Platform
IntelSetup,0x1735,1,Override Max Link Width,Platform
IntelSetup,0x86E,1,PCI-E Port DeEmphasis,Platform
IntelSetup,0x5AE,1,PCI-E Port Clocking,Platform
IntelSetup,0x5DA,1,PCI-E Slot Clock Source,Platform
IntelSetup,0x606,1,PCI-E Port Max Payload Size,Platform
IntelSetup,0x632,1,PCI-E Port D-state,Platform
IntelSetup,0x582,1,PCI-E ASPM Support,Platform
IntelSetup,0x65E,1,PCI-E Port L0s Exit Latency,Platform
IntelSetup,0x68A,1,PCI-E Port L1 Exit Latency,Platform
IntelSetup,0x6B6,1,MSI,Platform
IntelSetup,0x6E2,1,PCI-E Extended Sync,Platform
IntelSetup,0x842,1,Compliance Mode,Platform
IntelSetup,0x89A,1,EOI,Platform
IntelSetup,0x8C6,1,Fatal Err Over,Platform
IntelSetup,0x8F2,1,Non-Fatal Err Over,Platform
IntelSetup,0x91E,1,Corr Err Over,Platform
IntelSetup,0x94A,1,ACPI PME Interrupt,Platform
IntelSetup,0x976,1,L0s Support,Platform
IntelSetup,0x9CE,1,P2P Memory Write,Platform
IntelSetup,0x9FA,1,P2P Memory Read,Platform
IntelSetup,0xA68,1,PME to ACK,Platform
IntelSetup,0xAAA,1,HotPlug ACPI Mode,Platform
IntelSetup,0xAD6,1,PM ACPI Mode,Platform
IntelSetup,0xE16,1,Gen3 Eq Mode,Platform
IntelSetup,0xE42,1,Gen3 Spec Mode,Platform
IntelSetup,0xE9A,1,Gen3 Phase2 Mode,Platform
IntelSetup,0xEF2,1,Ph2 TxEq Precursor,Platform
IntelSetup,0xF1E,1,Ph2 TxEq Cursor,Platform
IntelSetup,0xF4A,1,Ph2 TxEq Postcursor,Platform
IntelSetup,0xEC6,1,Gen3 Phase3 Mode,Platform
IntelSetup,0xF76,1,Ph3 TxEq Precursor,Platform
IntelSetup,0xFA2,1,Ph3 TxEq Cursor,Platform
IntelSetup,0xFCE,1,Ph3 TxEq Postcursor,Platform
IntelSetup,0xE6E,1,Gen3 Linkup Flow,Platform
IntelSetup,0xFFA,1,Gen3 Retrain Type,Platform
IntelSetup,0x1026,1,Gen3 DN Tx Preset,Platform
IntelSetup,0x1052,1,Gen3 DN Rx Preset Hint,Platform
IntelSetup,0x107E,1,Gen3 UP Tx Preset,Platform
IntelSetup,0xBBD,1,Hide Port?,Platform
IntelSetup,0x1709,1,Pcie Ecrc,Platform
IntelSetup,0x73B,1,PCI-E Port,Platform
IntelSetup,0x405,1,Hot Plug Capable,Platform
IntelSetup,0xC57,1,Extra Bus Reserved,Platform
IntelSetup,0xC8D,2,Reserved Memory,Platform
IntelSetup,0xD5F,1,Reseved Memory Alignment,Platform
IntelSetup,0xCE5,2,Prefetchable Memory,Platform
IntelSetup,0xD8B,1,Prefetchable Memory Alignment,Platform
IntelSetup,0xD33,1,Reserved I/O,Platform
IntelSetup,0x557,1,PCI-E Port Link,Platform
IntelSetup,0x817,1,Link Speed,Platform
IntelSetup,0x1736,1,Override Max Link Width,Platform
IntelSetup,0x86F,1,PCI-E Port DeEmphasis,Platform
IntelSetup,0x5AF,1,PCI-E Port Clocking,Platform
IntelSetup,0x5DB,1,PCI-E Slot Clock Source,Platform
IntelSetup,0x607,1,PCI-E Port Max Payload Size,Platform
IntelSetup,0x633,1,PCI-E Port D-state,Platform
IntelSetup,0x583,1,PCI-E ASPM Support,Platform
IntelSetup,0x65F,1,PCI-E Port L0s Exit Latency,Platform
IntelSetup,0x68B,1,PCI-E Port L1 Exit Latency,Platform
IntelSetup,0x6B7,1,MSI,Platform
IntelSetup,0x6E3,1,PCI-E Extended Sync,Platform
IntelSetup,0x843,1,Compliance Mode,Platform
IntelSetup,0x89B,1,EOI,Platform
IntelSetup,0x8C7,1,Fatal Err Over,Platform
IntelSetup,0x8F3,1,Non-Fatal Err Over,Platform
IntelSetup,0x91F,1,Corr Err Over,Platform
IntelSetup,0x94B,1,ACPI PME Interrupt,Platform
IntelSetup,0x977,1,L0s Support,Platform
IntelSetup,0x9CF,1,P2P Memory Write,Platform
IntelSetup,0x9FB,1,P2P Memory Read,Platform
IntelSetup,0xA69,1,PME to ACK,Platform
IntelSetup,0xAAB,1,HotPlug ACPI Mode,Platform
IntelSetup,0xAD7,1,PM ACPI Mode,Platform
IntelSetup,0xE17,1,Gen3 Eq Mode,Platform
IntelSetup,0xE43,1,Gen3 Spec Mode,Platform
IntelSetup,0xE9B,1,Gen3 Phase2 Mode,Platform
IntelSetup,0xEF3,1,Ph2 TxEq Precursor,Platform
IntelSetup,0xF1F,1,Ph2 TxEq Cursor,Platform
IntelSetup,0xF4B,1,Ph2 TxEq Postcursor,Platform
IntelSetup,0xEC7,1,Gen3 Phase3 Mode,Platform
IntelSetup,0xF77,1,Ph3 TxEq Precursor,Platform
IntelSetup,0xFA3,1,Ph3 TxEq Cursor,Platform
IntelSetup,0xFCF,1,Ph3 TxEq Postcursor,Platform
IntelSetup,0xE6F,1,Gen3 Linkup Flow,Platform
IntelSetup,0xFFB,1,Gen3 Retrain Type,Platform
IntelSetup,0x1027,1,Gen3 DN Tx Preset,Platform
IntelSetup,0x1053,1,Gen3 DN Rx Preset Hint,Platform
IntelSetup,0x107F,1,Gen3 UP Tx Preset,Platform
IntelSetup,0xBBE,1,Hide Port?,Platform
IntelSetup,0x170A,1,Pcie Ecrc,Platform
IntelSetup,0x73C,1,PCI-E Port,Platform
IntelSetup,0x406,1,Hot Plug Capable,Platform
IntelSetup,0xC58,1,Extra Bus Reserved,Platform
IntelSetup,0xC8F,2,Reserved Memory,Platform
IntelSetup,0xD60,1,Reseved Memory Alignment,Platform
IntelSetup,0xCE7,2,Prefetchable Memory,Platform
IntelSetup,0xD8C,1,Prefetchable Memory Alignment,Platform
IntelSetup,0xD34,1,Reserved I/O,Platform
IntelSetup,0x558,1,PCI-E Port Link,Platform
IntelSetup,0x818,1,Link Speed,Platform
IntelSetup,0x1737,1,Override Max Link Width,Platform
IntelSetup,0x870,1,PCI-E Port DeEmphasis,Platform
IntelSetup,0x5B0,1,PCI-E Port Clocking,Platform
IntelSetup,0x5DC,1,PCI-E Slot Clock Source,Platform
IntelSetup,0x608,1,PCI-E Port Max Payload Size,Platform
IntelSetup,0x634,1,PCI-E Port D-state,Platform
IntelSetup,0x584,1,PCI-E ASPM Support,Platform
IntelSetup,0x660,1,PCI-E Port L0s Exit Latency,Platform
IntelSetup,0x68C,1,PCI-E Port L1 Exit Latency,Platform
IntelSetup,0x6B8,1,MSI,Platform
IntelSetup,0x6E4,1,PCI-E Extended Sync,Platform
IntelSetup,0x844,1,Compliance Mode,Platform
IntelSetup,0x89C,1,EOI,Platform
IntelSetup,0x8C8,1,Fatal Err Over,Platform
IntelSetup,0x8F4,1,Non-Fatal Err Over,Platform
IntelSetup,0x920,1,Corr Err Over,Platform
IntelSetup,0x94C,1,ACPI PME Interrupt,Platform
IntelSetup,0x978,1,L0s Support,Platform
IntelSetup,0x9D0,1,P2P Memory Write,Platform
IntelSetup,0x9FC,1,P2P Memory Read,Platform
IntelSetup,0xA6A,1,PME to ACK,Platform
IntelSetup,0xAAC,1,HotPlug ACPI Mode,Platform
IntelSetup,0xAD8,1,PM ACPI Mode,Platform
IntelSetup,0xE18,1,Gen3 Eq Mode,Platform
IntelSetup,0xE44,1,Gen3 Spec Mode,Platform
IntelSetup,0xE9C,1,Gen3 Phase2 Mode,Platform
IntelSetup,0xEF4,1,Ph2 TxEq Precursor,Platform
IntelSetup,0xF20,1,Ph2 TxEq Cursor,Platform
IntelSetup,0xF4C,1,Ph2 TxEq Postcursor,Platform
IntelSetup,0xEC8,1,Gen3 Phase3 Mode,Platform
IntelSetup,0xF78,1,Ph3 TxEq Precursor,Platform
IntelSetup,0xFA4,1,Ph3 TxEq Cursor,Platform
IntelSetup,0xFD0,1,Ph3 TxEq Postcursor,Platform
IntelSetup,0xE70,1,Gen3 Linkup Flow,Platform
IntelSetup,0xFFC,1,Gen3 Retrain Type,Platform
IntelSetup,0x1028,1,Gen3 DN Tx Preset,Platform
IntelSetup,0x1054,1,Gen3 DN Rx Preset Hint,Platform
IntelSetup,0x1080,1,Gen3 UP Tx Preset,Platform
IntelSetup,0xBBF,1,Hide Port?,Platform
IntelSetup,0x170B,1,Pcie Ecrc,Platform
IntelSetup,0x73D,1,PCI-E Port,Platform
IntelSetup,0x407,1,Hot Plug Capable,Platform
IntelSetup,0xC59,1,Extra Bus Reserved,Platform
IntelSetup,0xC91,2,Reserved Memory,Platform
IntelSetup,0xD61,1,Reseved Memory Alignment,Platform
IntelSetup,0xCE9,2,Prefetchable Memory,Platform
IntelSetup,0xD8D,1,Prefetchable Memory Alignment,Platform
IntelSetup,0xD35,1,Reserved I/O,Platform
IntelSetup,0x559,1,PCI-E Port Link,Platform
IntelSetup,0x819,1,Link Speed,Platform
IntelSetup,0x1738,1,Override Max Link Width,Platform
IntelSetup,0x871,1,PCI-E Port DeEmphasis,Platform
IntelSetup,0x5B1,1,PCI-E Port Clocking,Platform
IntelSetup,0x5DD,1,PCI-E Slot Clock Source,Platform
IntelSetup,0x609,1,PCI-E Port Max Payload Size,Platform
IntelSetup,0x635,1,PCI-E Port D-state,Platform
IntelSetup,0x585,1,PCI-E ASPM Support,Platform
IntelSetup,0x661,1,PCI-E Port L0s Exit Latency,Platform
IntelSetup,0x68D,1,PCI-E Port L1 Exit Latency,Platform
IntelSetup,0x6B9,1,MSI,Platform
IntelSetup,0x6E5,1,PCI-E Extended Sync,Platform
IntelSetup,0x845,1,Compliance Mode,Platform
IntelSetup,0x89D,1,EOI,Platform
IntelSetup,0x8C9,1,Fatal Err Over,Platform
IntelSetup,0x8F5,1,Non-Fatal Err Over,Platform
IntelSetup,0x921,1,Corr Err Over,Platform
IntelSetup,0x94D,1,ACPI PME Interrupt,Platform
IntelSetup,0x979,1,L0s Support,Platform
IntelSetup,0x9D1,1,P2P Memory Write,Platform
IntelSetup,0x9FD,1,P2P Memory Read,Platform
IntelSetup,0xA6B,1,PME to ACK,Platform
IntelSetup,0xAAD,1,HotPlug ACPI Mode,Platform
IntelSetup,0xAD9,1,PM ACPI Mode,Platform
IntelSetup,0xE19,1,Gen3 Eq Mode,Platform
IntelSetup,0xE45,1,Gen3 Spec Mode,Platform
IntelSetup,0xE9D,1,Gen3 Phase2 Mode,Platform
IntelSetup,0xEF5,1,Ph2 TxEq Precursor,Platform
IntelSetup,0xF21,1,Ph2 TxEq Cursor,Platform
IntelSetup,0xF4D,1,Ph2 TxEq Postcursor,Platform
IntelSetup,0xEC9,1,Gen3 Phase3 Mode,Platform
IntelSetup,0xF79,1,Ph3 TxEq Precursor,Platform
IntelSetup,0xFA5,1,Ph3 TxEq Cursor,Platform
IntelSetup,0xFD1,1,Ph3 TxEq Postcursor,Platform
IntelSetup,0xE71,1,Gen3 Linkup Flow,Platform
IntelSetup,0xFFD,1,Gen3 Retrain Type,Platform
IntelSetup,0x1029,1,Gen3 DN Tx Preset,Platform
IntelSetup,0x1055,1,Gen3 DN Rx Preset Hint,Platform
IntelSetup,0x1081,1,Gen3 UP Tx Preset,Platform
IntelSetup,0xBC0,1,Hide Port?,Platform
IntelSetup,0x170C,1,Pcie Ecrc,Platform
IntelSetup,0x73E,1,PCI-E Port,Platform
IntelSetup,0x408,1,Hot Plug Capable,Platform
IntelSetup,0xC5A,1,Extra Bus Reserved,Platform
IntelSetup,0xC93,2,Reserved Memory,Platform
IntelSetup,0xD62,1,Reseved Memory Alignment,Platform
IntelSetup,0xCEB,2,Prefetchable Memory,Platform
IntelSetup,0xD8E,1,Prefetchable Memory Alignment,Platform
IntelSetup,0xD36,1,Reserved I/O,Platform
IntelSetup,0x55A,1,PCI-E Port Link,Platform
IntelSetup,0x81A,1,Link Speed,Platform
IntelSetup,0x1739,1,Override Max Link Width,Platform
IntelSetup,0x872,1,PCI-E Port DeEmphasis,Platform
IntelSetup,0x5B2,1,PCI-E Port Clocking,Platform
IntelSetup,0x5DE,1,PCI-E Slot Clock Source,Platform
IntelSetup,0x60A,1,PCI-E Port Max Payload Size,Platform
IntelSetup,0x636,1,PCI-E Port D-state,Platform
IntelSetup,0x586,1,PCI-E ASPM Support,Platform
IntelSetup,0x662,1,PCI-E Port L0s Exit Latency,Platform
IntelSetup,0x68E,1,PCI-E Port L1 Exit Latency,Platform
IntelSetup,0x6BA,1,MSI,Platform
IntelSetup,0x6E6,1,PCI-E Extended Sync,Platform
IntelSetup,0x846,1,Compliance Mode,Platform
IntelSetup,0x89E,1,EOI,Platform
IntelSetup,0x8CA,1,Fatal Err Over,Platform
IntelSetup,0x8F6,1,Non-Fatal Err Over,Platform
IntelSetup,0x922,1,Corr Err Over,Platform
IntelSetup,0x94E,1,ACPI PME Interrupt,Platform
IntelSetup,0x97A,1,L0s Support,Platform
IntelSetup,0x9D2,1,P2P Memory Write,Platform
IntelSetup,0x9FE,1,P2P Memory Read,Platform
IntelSetup,0xA6C,1,PME to ACK,Platform
IntelSetup,0xAAE,1,HotPlug ACPI Mode,Platform
IntelSetup,0xADA,1,PM ACPI Mode,Platform
IntelSetup,0xE1A,1,Gen3 Eq Mode,Platform
IntelSetup,0xE46,1,Gen3 Spec Mode,Platform
IntelSetup,0xE9E,1,Gen3 Phase2 Mode,Platform
IntelSetup,0xEF6,1,Ph2 TxEq Precursor,Platform
IntelSetup,0xF22,1,Ph2 TxEq Cursor,Platform
IntelSetup,0xF4E,1,Ph2 TxEq Postcursor,Platform
IntelSetup,0xECA,1,Gen3 Phase3 Mode,Platform
IntelSetup,0xF7A,1,Ph3 TxEq Precursor,Platform
IntelSetup,0xFA6,1,Ph3 TxEq Cursor,Platform
IntelSetup,0xFD2,1,Ph3 TxEq Postcursor,Platform
IntelSetup,0xE72,1,Gen3 Linkup Flow,Platform
IntelSetup,0xFFE,1,Gen3 Retrain Type,Platform
IntelSetup,0x102A,1,Gen3 DN Tx Preset,Platform
IntelSetup,0x1056,1,Gen3 DN Rx Preset Hint,Platform
IntelSetup,0x1082,1,Gen3 UP Tx Preset,Platform
IntelSetup,0xBC1,1,Hide Port?,Platform
IntelSetup,0x170D,1,Pcie Ecrc,Platform
IntelSetup,0x73F,1,PCI-E Port,Platform
IntelSetup,0x409,1,Hot Plug Capable,Platform
IntelSetup,0xC5B,1,Extra Bus Reserved,Platform
IntelSetup,0xC95,2,Reserved Memory,Platform
IntelSetup,0xD63,1,Reseved Memory Alignment,Platform
IntelSetup,0xCED,2,Prefetchable Memory,Platform
IntelSetup,0xD8F,1,Prefetchable Memory Alignment,Platform
IntelSetup,0xD37,1,Reserved I/O,Platform
IntelSetup,0x55B,1,PCI-E Port Link,Platform
IntelSetup,0x81B,1,Link Speed,Platform
IntelSetup,0x173A,1,Override Max Link Width,Platform
IntelSetup,0x873,1,PCI-E Port DeEmphasis,Platform
IntelSetup,0x5B3,1,PCI-E Port Clocking,Platform
IntelSetup,0x5DF,1,PCI-E Slot Clock Source,Platform
IntelSetup,0x60B,1,PCI-E Port Max Payload Size,Platform
IntelSetup,0x637,1,PCI-E Port D-state,Platform
IntelSetup,0x587,1,PCI-E ASPM Support,Platform
IntelSetup,0x663,1,PCI-E Port L0s Exit Latency,Platform
IntelSetup,0x68F,1,PCI-E Port L1 Exit Latency,Platform
IntelSetup,0x6BB,1,MSI,Platform
IntelSetup,0x6E7,1,PCI-E Extended Sync,Platform
IntelSetup,0x847,1,Compliance Mode,Platform
IntelSetup,0x89F,1,EOI,Platform
IntelSetup,0x8CB,1,Fatal Err Over,Platform
IntelSetup,0x8F7,1,Non-Fatal Err Over,Platform
IntelSetup,0x923,1,Corr Err Over,Platform
IntelSetup,0x94F,1,ACPI PME Interrupt,Platform
IntelSetup,0x97B,1,L0s Support,Platform
IntelSetup,0x9D3,1,P2P Memory Write,Platform
IntelSetup,0x9FF,1,P2P Memory Read,Platform
IntelSetup,0xA6D,1,PME to ACK,Platform
IntelSetup,0xAAF,1,HotPlug ACPI Mode,Platform
IntelSetup,0xADB,1,PM ACPI Mode,Platform
IntelSetup,0xE1B,1,Gen3 Eq Mode,Platform
IntelSetup,0xE47,1,Gen3 Spec Mode,Platform
IntelSetup,0xE9F,1,Gen3 Phase2 Mode,Platform
IntelSetup,0xEF7,1,Ph2 TxEq Precursor,Platform
IntelSetup,0xF23,1,Ph2 TxEq Cursor,Platform
IntelSetup,0xF4F,1,Ph2 TxEq Postcursor,Platform
IntelSetup,0xECB,1,Gen3 Phase3 Mode,Platform
IntelSetup,0xF7B,1,Ph3 TxEq Precursor,Platform
IntelSetup,0xFA7,1,Ph3 TxEq Cursor,Platform
IntelSetup,0xFD3,1,Ph3 TxEq Postcursor,Platform
IntelSetup,0xE73,1,Gen3 Linkup Flow,Platform
IntelSetup,0xFFF,1,Gen3 Retrain Type,Platform
IntelSetup,0x102B,1,Gen3 DN Tx Preset,Platform
IntelSetup,0x1057,1,Gen3 DN Rx Preset Hint,Platform
IntelSetup,0x1083,1,Gen3 UP Tx Preset,Platform
IntelSetup,0xBC2,1,Hide Port?,Platform
IntelSetup,0x170E,1,Pcie Ecrc,Platform
IntelSetup,0x740,1,PCI-E Port,Platform
IntelSetup,0x40A,1,Hot Plug Capable,Platform
IntelSetup,0xC5C,1,Extra Bus Reserved,Platform
IntelSetup,0xC97,2,Reserved Memory,Platform
IntelSetup,0xD64,1,Reseved Memory Alignment,Platform
IntelSetup,0xCEF,2,Prefetchable Memory,Platform
IntelSetup,0xD90,1,Prefetchable Memory Alignment,Platform
IntelSetup,0xD38,1,Reserved I/O,Platform
IntelSetup,0x55C,1,PCI-E Port Link,Platform
IntelSetup,0x81C,1,Link Speed,Platform
IntelSetup,0x173B,1,Override Max Link Width,Platform
IntelSetup,0x874,1,PCI-E Port DeEmphasis,Platform
IntelSetup,0x5B4,1,PCI-E Port Clocking,Platform
IntelSetup,0x5E0,1,PCI-E Slot Clock Source,Platform
IntelSetup,0x60C,1,PCI-E Port Max Payload Size,Platform
IntelSetup,0x638,1,PCI-E Port D-state,Platform
IntelSetup,0x588,1,PCI-E ASPM Support,Platform
IntelSetup,0x664,1,PCI-E Port L0s Exit Latency,Platform
IntelSetup,0x690,1,PCI-E Port L1 Exit Latency,Platform
IntelSetup,0x6BC,1,MSI,Platform
IntelSetup,0x6E8,1,PCI-E Extended Sync,Platform
IntelSetup,0x848,1,Compliance Mode,Platform
IntelSetup,0x8A0,1,EOI,Platform
IntelSetup,0x8CC,1,Fatal Err Over,Platform
IntelSetup,0x8F8,1,Non-Fatal Err Over,Platform
IntelSetup,0x924,1,Corr Err Over,Platform
IntelSetup,0x950,1,ACPI PME Interrupt,Platform
IntelSetup,0x97C,1,L0s Support,Platform
IntelSetup,0x9D4,1,P2P Memory Write,Platform
IntelSetup,0xA00,1,P2P Memory Read,Platform
IntelSetup,0xA6E,1,PME to ACK,Platform
IntelSetup,0xAB0,1,HotPlug ACPI Mode,Platform
IntelSetup,0xADC,1,PM ACPI Mode,Platform
IntelSetup,0xE1C,1,Gen3 Eq Mode,Platform
IntelSetup,0xE48,1,Gen3 Spec Mode,Platform
IntelSetup,0xEA0,1,Gen3 Phase2 Mode,Platform
IntelSetup,0xEF8,1,Ph2 TxEq Precursor,Platform
IntelSetup,0xF24,1,Ph2 TxEq Cursor,Platform
IntelSetup,0xF50,1,Ph2 TxEq Postcursor,Platform
IntelSetup,0xECC,1,Gen3 Phase3 Mode,Platform
IntelSetup,0xF7C,1,Ph3 TxEq Precursor,Platform
IntelSetup,0xFA8,1,Ph3 TxEq Cursor,Platform
IntelSetup,0xFD4,1,Ph3 TxEq Postcursor,Platform
IntelSetup,0xE74,1,Gen3 Linkup Flow,Platform
IntelSetup,0x1000,1,Gen3 Retrain Type,Platform
IntelSetup,0x102C,1,Gen3 DN Tx Preset,Platform
IntelSetup,0x1058,1,Gen3 DN Rx Preset Hint,Platform
IntelSetup,0x1084,1,Gen3 UP Tx Preset,Platform
IntelSetup,0xBC3,1,Hide Port?,Platform
IntelSetup,0x170F,1,Pcie Ecrc,Platform
IntelSetup,0x741,1,PCI-E Port,Platform
IntelSetup,0x40B,1,Hot Plug Capable,Platform
IntelSetup,0xC5D,1,Extra Bus Reserved,Platform
IntelSetup,0xC99,2,Reserved Memory,Platform
IntelSetup,0xD65,1,Reseved Memory Alignment,Platform
IntelSetup,0xCF1,2,Prefetchable Memory,Platform
IntelSetup,0xD91,1,Prefetchable Memory Alignment,Platform
IntelSetup,0xD39,1,Reserved I/O,Platform
IntelSetup,0x55D,1,PCI-E Port Link,Platform
IntelSetup,0x81D,1,Link Speed,Platform
IntelSetup,0x173C,1,Override Max Link Width,Platform
IntelSetup,0x875,1,PCI-E Port DeEmphasis,Platform
IntelSetup,0x5B5,1,PCI-E Port Clocking,Platform
IntelSetup,0x5E1,1,PCI-E Slot Clock Source,Platform
IntelSetup,0x60D,1,PCI-E Port Max Payload Size,Platform
IntelSetup,0x639,1,PCI-E Port D-state,Platform
IntelSetup,0x589,1,PCI-E ASPM Support,Platform
IntelSetup,0x665,1,PCI-E Port L0s Exit Latency,Platform
IntelSetup,0x691,1,PCI-E Port L1 Exit Latency,Platform
IntelSetup,0x6BD,1,MSI,Platform
IntelSetup,0x6E9,1,PCI-E Extended Sync,Platform
IntelSetup,0x849,1,Compliance Mode,Platform
IntelSetup,0x8A1,1,EOI,Platform
IntelSetup,0x8CD,1,Fatal Err Over,Platform
IntelSetup,0x8F9,1,Non-Fatal Err Over,Platform
IntelSetup,0x925,1,Corr Err Over,Platform
IntelSetup,0x951,1,ACPI PME Interrupt,Platform
IntelSetup,0x97D,1,L0s Support,Platform
IntelSetup,0x9D5,1,P2P Memory Write,Platform
IntelSetup,0xA01,1,P2P Memory Read,Platform
IntelSetup,0xA6F,1,PME to ACK,Platform
IntelSetup,0xAB1,1,HotPlug ACPI Mode,Platform
IntelSetup,0xADD,1,PM ACPI Mode,Platform
IntelSetup,0xE1D,1,Gen3 Eq Mode,Platform
IntelSetup,0xE49,1,Gen3 Spec Mode,Platform
IntelSetup,0xEA1,1,Gen3 Phase2 Mode,Platform
IntelSetup,0xEF9,1,Ph2 TxEq Precursor,Platform
IntelSetup,0xF25,1,Ph2 TxEq Cursor,Platform
IntelSetup,0xF51,1,Ph2 TxEq Postcursor,Platform
IntelSetup,0xECD,1,Gen3 Phase3 Mode,Platform
IntelSetup,0xF7D,1,Ph3 TxEq Precursor,Platform
IntelSetup,0xFA9,1,Ph3 TxEq Cursor,Platform
IntelSetup,0xFD5,1,Ph3 TxEq Postcursor,Platform
IntelSetup,0xE75,1,Gen3 Linkup Flow,Platform
IntelSetup,0x1001,1,Gen3 Retrain Type,Platform
IntelSetup,0x102D,1,Gen3 DN Tx Preset,Platform
IntelSetup,0x1059,1,Gen3 DN Rx Preset Hint,Platform
IntelSetup,0x1085,1,Gen3 UP Tx Preset,Platform
IntelSetup,0xBC4,1,Hide Port?,Platform
IntelSetup,0x1710,1,Pcie Ecrc,Platform
IntelSetup,0x742,1,PCI-E Port,Platform
IntelSetup,0x40C,1,Hot Plug Capable,Platform
IntelSetup,0xC5E,1,Extra Bus Reserved,Platform
IntelSetup,0xC9B,2,Reserved Memory,Platform
IntelSetup,0xD66,1,Reseved Memory Alignment,Platform
IntelSetup,0xCF3,2,Prefetchable Memory,Platform
IntelSetup,0xD92,1,Prefetchable Memory Alignment,Platform
IntelSetup,0xD3A,1,Reserved I/O,Platform
IntelSetup,0x55E,1,PCI-E Port Link,Platform
IntelSetup,0x81E,1,Link Speed,Platform
IntelSetup,0x173D,1,Override Max Link Width,Platform
IntelSetup,0x876,1,PCI-E Port DeEmphasis,Platform
IntelSetup,0x5B6,1,PCI-E Port Clocking,Platform
IntelSetup,0x5E2,1,PCI-E Slot Clock Source,Platform
IntelSetup,0x60E,1,PCI-E Port Max Payload Size,Platform
IntelSetup,0x63A,1,PCI-E Port D-state,Platform
IntelSetup,0x58A,1,PCI-E ASPM Support,Platform
IntelSetup,0x666,1,PCI-E Port L0s Exit Latency,Platform
IntelSetup,0x692,1,PCI-E Port L1 Exit Latency,Platform
IntelSetup,0x6BE,1,MSI,Platform
IntelSetup,0x6EA,1,PCI-E Extended Sync,Platform
IntelSetup,0x84A,1,Compliance Mode,Platform
IntelSetup,0x8A2,1,EOI,Platform
IntelSetup,0x8CE,1,Fatal Err Over,Platform
IntelSetup,0x8FA,1,Non-Fatal Err Over,Platform
IntelSetup,0x926,1,Corr Err Over,Platform
IntelSetup,0x952,1,ACPI PME Interrupt,Platform
IntelSetup,0x97E,1,L0s Support,Platform
IntelSetup,0x9D6,1,P2P Memory Write,Platform
IntelSetup,0xA02,1,P2P Memory Read,Platform
IntelSetup,0xA70,1,PME to ACK,Platform
IntelSetup,0xAB2,1,HotPlug ACPI Mode,Platform
IntelSetup,0xADE,1,PM ACPI Mode,Platform
IntelSetup,0xE1E,1,Gen3 Eq Mode,Platform
IntelSetup,0xE4A,1,Gen3 Spec Mode,Platform
IntelSetup,0xEA2,1,Gen3 Phase2 Mode,Platform
IntelSetup,0xEFA,1,Ph2 TxEq Precursor,Platform
IntelSetup,0xF26,1,Ph2 TxEq Cursor,Platform
IntelSetup,0xF52,1,Ph2 TxEq Postcursor,Platform
IntelSetup,0xECE,1,Gen3 Phase3 Mode,Platform
IntelSetup,0xF7E,1,Ph3 TxEq Precursor,Platform
IntelSetup,0xFAA,1,Ph3 TxEq Cursor,Platform
IntelSetup,0xFD6,1,Ph3 TxEq Postcursor,Platform
IntelSetup,0xE76,1,Gen3 Linkup Flow,Platform
IntelSetup,0x1002,1,Gen3 Retrain Type,Platform
IntelSetup,0x102E,1,Gen3 DN Tx Preset,Platform
IntelSetup,0x105A,1,Gen3 DN Rx Preset Hint,Platform
IntelSetup,0x1086,1,Gen3 UP Tx Preset,Platform
IntelSetup,0xBC5,1,Hide Port?,Platform
IntelSetup,0x1711,1,Pcie Ecrc,Platform
IntelSetup,0x743,1,PCI-E Port,Platform
IntelSetup,0x40D,1,Hot Plug Capable,Platform
IntelSetup,0xC5F,1,Extra Bus Reserved,Platform
IntelSetup,0xC9D,2,Reserved Memory,Platform
IntelSetup,0xD67,1,Reseved Memory Alignment,Platform
IntelSetup,0xCF5,2,Prefetchable Memory,Platform
IntelSetup,0xD93,1,Prefetchable Memory Alignment,Platform
IntelSetup,0xD3B,1,Reserved I/O,Platform
IntelSetup,0x55F,1,PCI-E Port Link,Platform
IntelSetup,0x81F,1,Link Speed,Platform
IntelSetup,0x173E,1,Override Max Link Width,Platform
IntelSetup,0x877,1,PCI-E Port DeEmphasis,Platform
IntelSetup,0x5B7,1,PCI-E Port Clocking,Platform
IntelSetup,0x5E3,1,PCI-E Slot Clock Source,Platform
IntelSetup,0x60F,1,PCI-E Port Max Payload Size,Platform
IntelSetup,0x63B,1,PCI-E Port D-state,Platform
IntelSetup,0x58B,1,PCI-E ASPM Support,Platform
IntelSetup,0x667,1,PCI-E Port L0s Exit Latency,Platform
IntelSetup,0x693,1,PCI-E Port L1 Exit Latency,Platform
IntelSetup,0x6BF,1,MSI,Platform
IntelSetup,0x6EB,1,PCI-E Extended Sync,Platform
IntelSetup,0x84B,1,Compliance Mode,Platform
IntelSetup,0x8A3,1,EOI,Platform
IntelSetup,0x8CF,1,Fatal Err Over,Platform
IntelSetup,0x8FB,1,Non-Fatal Err Over,Platform
IntelSetup,0x927,1,Corr Err Over,Platform
IntelSetup,0x953,1,ACPI PME Interrupt,Platform
IntelSetup,0x97F,1,L0s Support,Platform
IntelSetup,0x9D7,1,P2P Memory Write,Platform
IntelSetup,0xA03,1,P2P Memory Read,Platform
IntelSetup,0xA71,1,PME to ACK,Platform
IntelSetup,0xAB3,1,HotPlug ACPI Mode,Platform
IntelSetup,0xADF,1,PM ACPI Mode,Platform
IntelSetup,0xE1F,1,Gen3 Eq Mode,Platform
IntelSetup,0xE4B,1,Gen3 Spec Mode,Platform
IntelSetup,0xEA3,1,Gen3 Phase2 Mode,Platform
IntelSetup,0xEFB,1,Ph2 TxEq Precursor,Platform
IntelSetup,0xF27,1,Ph2 TxEq Cursor,Platform
IntelSetup,0xF53,1,Ph2 TxEq Postcursor,Platform
IntelSetup,0xECF,1,Gen3 Phase3 Mode,Platform
IntelSetup,0xF7F,1,Ph3 TxEq Precursor,Platform
IntelSetup,0xFAB,1,Ph3 TxEq Cursor,Platform
IntelSetup,0xFD7,1,Ph3 TxEq Postcursor,Platform
IntelSetup,0xE77,1,Gen3 Linkup Flow,Platform
IntelSetup,0x1003,1,Gen3 Retrain Type,Platform
IntelSetup,0x102F,1,Gen3 DN Tx Preset,Platform
IntelSetup,0x105B,1,Gen3 DN Rx Preset Hint,Platform
IntelSetup,0x1087,1,Gen3 UP Tx Preset,Platform
IntelSetup,0xDDA,1,Non-Transparent Bridge PCIe Port Definition,Platform
IntelSetup,0xDDE,1,Enable NTB BARs,Platform
IntelSetup,0xDE2,1,Enable SPLIT BARs,Platform
IntelSetup,0xDE6,1,Primary BAR 23 Size,Platform
IntelSetup,0xDEE,1,Primary BAR 4 Size,Platform
IntelSetup,0xDF2,1,Primary BAR 5 Size,Platform
IntelSetup,0xDEA,1,Primary BAR 45 Size,Platform
IntelSetup,0xDF6,1,Secondary BAR 23 Size,Platform
IntelSetup,0xDFE,1,Secondary BAR 4 Size,Platform
IntelSetup,0xE02,1,Secondary BAR 5 Size,Platform
IntelSetup,0xDFA,1,Secondary BAR 45 Size,Platform
IntelSetup,0xE06,1,Secondary BAR 0/1 Prefetchable,Platform
IntelSetup,0xE0A,1,Crosslink control Override,Platform
IntelSetup,0xBC6,1,Hide Port?,Platform
IntelSetup,0x1712,1,Pcie Ecrc,Platform
IntelSetup,0x744,1,PCI-E Port,Platform
IntelSetup,0x40E,1,Hot Plug Capable,Platform
IntelSetup,0xC60,1,Extra Bus Reserved,Platform
IntelSetup,0xC9F,2,Reserved Memory,Platform
IntelSetup,0xD68,1,Reseved Memory Alignment,Platform
IntelSetup,0xCF7,2,Prefetchable Memory,Platform
IntelSetup,0xD94,1,Prefetchable Memory Alignment,Platform
IntelSetup,0xD3C,1,Reserved I/O,Platform
IntelSetup,0x560,1,PCI-E Port Link,Platform
IntelSetup,0x820,1,Link Speed,Platform
IntelSetup,0x173F,1,Override Max Link Width,Platform
IntelSetup,0x878,1,PCI-E Port DeEmphasis,Platform
IntelSetup,0x5B8,1,PCI-E Port Clocking,Platform
IntelSetup,0x5E4,1,PCI-E Slot Clock Source,Platform
IntelSetup,0x610,1,PCI-E Port Max Payload Size,Platform
IntelSetup,0x63C,1,PCI-E Port D-state,Platform
IntelSetup,0x58C,1,PCI-E ASPM Support,Platform
IntelSetup,0x668,1,PCI-E Port L0s Exit Latency,Platform
IntelSetup,0x694,1,PCI-E Port L1 Exit Latency,Platform
IntelSetup,0x6C0,1,MSI,Platform
IntelSetup,0x6EC,1,PCI-E Extended Sync,Platform
IntelSetup,0x84C,1,Compliance Mode,Platform
IntelSetup,0x8A4,1,EOI,Platform
IntelSetup,0x8D0,1,Fatal Err Over,Platform
IntelSetup,0x8FC,1,Non-Fatal Err Over,Platform
IntelSetup,0x928,1,Corr Err Over,Platform
IntelSetup,0x954,1,ACPI PME Interrupt,Platform
IntelSetup,0x980,1,L0s Support,Platform
IntelSetup,0x9D8,1,P2P Memory Write,Platform
IntelSetup,0xA04,1,P2P Memory Read,Platform
IntelSetup,0xA72,1,PME to ACK,Platform
IntelSetup,0xAB4,1,HotPlug ACPI Mode,Platform
IntelSetup,0xAE0,1,PM ACPI Mode,Platform
IntelSetup,0xE20,1,Gen3 Eq Mode,Platform
IntelSetup,0xE4C,1,Gen3 Spec Mode,Platform
IntelSetup,0xEA4,1,Gen3 Phase2 Mode,Platform
IntelSetup,0xEFC,1,Ph2 TxEq Precursor,Platform
IntelSetup,0xF28,1,Ph2 TxEq Cursor,Platform
IntelSetup,0xF54,1,Ph2 TxEq Postcursor,Platform
IntelSetup,0xED0,1,Gen3 Phase3 Mode,Platform
IntelSetup,0xF80,1,Ph3 TxEq Precursor,Platform
IntelSetup,0xFAC,1,Ph3 TxEq Cursor,Platform
IntelSetup,0xFD8,1,Ph3 TxEq Postcursor,Platform
IntelSetup,0xE78,1,Gen3 Linkup Flow,Platform
IntelSetup,0x1004,1,Gen3 Retrain Type,Platform
IntelSetup,0x1030,1,Gen3 DN Tx Preset,Platform
IntelSetup,0x105C,1,Gen3 DN Rx Preset Hint,Platform
IntelSetup,0x1088,1,Gen3 UP Tx Preset,Platform
IntelSetup,0xBC7,1,Hide Port?,Platform
IntelSetup,0x1713,1,Pcie Ecrc,Platform
IntelSetup,0x745,1,PCI-E Port,Platform
IntelSetup,0x40F,1,Hot Plug Capable,Platform
IntelSetup,0xC61,1,Extra Bus Reserved,Platform
IntelSetup,0xCA1,2,Reserved Memory,Platform
IntelSetup,0xD69,1,Reseved Memory Alignment,Platform
IntelSetup,0xCF9,2,Prefetchable Memory,Platform
IntelSetup,0xD95,1,Prefetchable Memory Alignment,Platform
IntelSetup,0xD3D,1,Reserved I/O,Platform
IntelSetup,0x561,1,PCI-E Port Link,Platform
IntelSetup,0x821,1,Link Speed,Platform
IntelSetup,0x1740,1,Override Max Link Width,Platform
IntelSetup,0x879,1,PCI-E Port DeEmphasis,Platform
IntelSetup,0x5B9,1,PCI-E Port Clocking,Platform
IntelSetup,0x5E5,1,PCI-E Slot Clock Source,Platform
IntelSetup,0x611,1,PCI-E Port Max Payload Size,Platform
IntelSetup,0x63D,1,PCI-E Port D-state,Platform
IntelSetup,0x58D,1,PCI-E ASPM Support,Platform
IntelSetup,0x669,1,PCI-E Port L0s Exit Latency,Platform
IntelSetup,0x695,1,PCI-E Port L1 Exit Latency,Platform
IntelSetup,0x6C1,1,MSI,Platform
IntelSetup,0x6ED,1,PCI-E Extended Sync,Platform
IntelSetup,0x84D,1,Compliance Mode,Platform
IntelSetup,0x8A5,1,EOI,Platform
IntelSetup,0x8D1,1,Fatal Err Over,Platform
IntelSetup,0x8FD,1,Non-Fatal Err Over,Platform
IntelSetup,0x929,1,Corr Err Over,Platform
IntelSetup,0x955,1,ACPI PME Interrupt,Platform
IntelSetup,0x981,1,L0s Support,Platform
IntelSetup,0x9D9,1,P2P Memory Write,Platform
IntelSetup,0xA05,1,P2P Memory Read,Platform
IntelSetup,0xA73,1,PME to ACK,Platform
IntelSetup,0xAB5,1,HotPlug ACPI Mode,Platform
IntelSetup,0xAE1,1,PM ACPI Mode,Platform
IntelSetup,0xE21,1,Gen3 Eq Mode,Platform
IntelSetup,0xE4D,1,Gen3 Spec Mode,Platform
IntelSetup,0xEA5,1,Gen3 Phase2 Mode,Platform
IntelSetup,0xEFD,1,Ph2 TxEq Precursor,Platform
IntelSetup,0xF29,1,Ph2 TxEq Cursor,Platform
IntelSetup,0xF55,1,Ph2 TxEq Postcursor,Platform
IntelSetup,0xED1,1,Gen3 Phase3 Mode,Platform
IntelSetup,0xF81,1,Ph3 TxEq Precursor,Platform
IntelSetup,0xFAD,1,Ph3 TxEq Cursor,Platform
IntelSetup,0xFD9,1,Ph3 TxEq Postcursor,Platform
IntelSetup,0xE79,1,Gen3 Linkup Flow,Platform
IntelSetup,0x1005,1,Gen3 Retrain Type,Platform
IntelSetup,0x1031,1,Gen3 DN Tx Preset,Platform
IntelSetup,0x105D,1,Gen3 DN Rx Preset Hint,Platform
IntelSetup,0x1089,1,Gen3 UP Tx Preset,Platform
IntelSetup,0xBC8,1,Hide Port?,Platform
IntelSetup,0x1714,1,Pcie Ecrc,Platform
IntelSetup,0x746,1,PCI-E Port,Platform
IntelSetup,0x410,1,Hot Plug Capable,Platform
IntelSetup,0xC62,1,Extra Bus Reserved,Platform
IntelSetup,0xCA3,2,Reserved Memory,Platform
IntelSetup,0xD6A,1,Reseved Memory Alignment,Platform
IntelSetup,0xCFB,2,Prefetchable Memory,Platform
IntelSetup,0xD96,1,Prefetchable Memory Alignment,Platform
IntelSetup,0xD3E,1,Reserved I/O,Platform
IntelSetup,0x562,1,PCI-E Port Link,Platform
IntelSetup,0x822,1,Link Speed,Platform
IntelSetup,0x1741,1,Override Max Link Width,Platform
IntelSetup,0x87A,1,PCI-E Port DeEmphasis,Platform
IntelSetup,0x5BA,1,PCI-E Port Clocking,Platform
IntelSetup,0x5E6,1,PCI-E Slot Clock Source,Platform
IntelSetup,0x612,1,PCI-E Port Max Payload Size,Platform
IntelSetup,0x63E,1,PCI-E Port D-state,Platform
IntelSetup,0x58E,1,PCI-E ASPM Support,Platform
IntelSetup,0x66A,1,PCI-E Port L0s Exit Latency,Platform
IntelSetup,0x696,1,PCI-E Port L1 Exit Latency,Platform
IntelSetup,0x6C2,1,MSI,Platform
IntelSetup,0x6EE,1,PCI-E Extended Sync,Platform
IntelSetup,0x84E,1,Compliance Mode,Platform
IntelSetup,0x8A6,1,EOI,Platform
IntelSetup,0x8D2,1,Fatal Err Over,Platform
IntelSetup,0x8FE,1,Non-Fatal Err Over,Platform
IntelSetup,0x92A,1,Corr Err Over,Platform
IntelSetup,0x956,1,ACPI PME Interrupt,Platform
IntelSetup,0x982,1,L0s Support,Platform
IntelSetup,0x9DA,1,P2P Memory Write,Platform
IntelSetup,0xA06,1,P2P Memory Read,Platform
IntelSetup,0xA74,1,PME to ACK,Platform
IntelSetup,0xAB6,1,HotPlug ACPI Mode,Platform
IntelSetup,0xAE2,1,PM ACPI Mode,Platform
IntelSetup,0xE22,1,Gen3 Eq Mode,Platform
IntelSetup,0xE4E,1,Gen3 Spec Mode,Platform
IntelSetup,0xEA6,1,Gen3 Phase2 Mode,Platform
IntelSetup,0xEFE,1,Ph2 TxEq Precursor,Platform
IntelSetup,0xF2A,1,Ph2 TxEq Cursor,Platform
IntelSetup,0xF56,1,Ph2 TxEq Postcursor,Platform
IntelSetup,0xED2,1,Gen3 Phase3 Mode,Platform
IntelSetup,0xF82,1,Ph3 TxEq Precursor,Platform
IntelSetup,0xFAE,1,Ph3 TxEq Cursor,Platform
IntelSetup,0xFDA,1,Ph3 TxEq Postcursor,Platform
IntelSetup,0xE7A,1,Gen3 Linkup Flow,Platform
IntelSetup,0x1006,1,Gen3 Retrain Type,Platform
IntelSetup,0x1032,1,Gen3 DN Tx Preset,Platform
IntelSetup,0x105E,1,Gen3 DN Rx Preset Hint,Platform
IntelSetup,0x108A,1,Gen3 UP Tx Preset,Platform
IntelSetup,0xBC9,1,Hide Port?,Platform
IntelSetup,0x1715,1,Pcie Ecrc,Platform
IntelSetup,0x747,1,PCI-E Port,Platform
IntelSetup,0x411,1,Hot Plug Capable,Platform
IntelSetup,0xC63,1,Extra Bus Reserved,Platform
IntelSetup,0xCA5,2,Reserved Memory,Platform
IntelSetup,0xD6B,1,Reseved Memory Alignment,Platform
IntelSetup,0xCFD,2,Prefetchable Memory,Platform
IntelSetup,0xD97,1,Prefetchable Memory Alignment,Platform
IntelSetup,0xD3F,1,Reserved I/O,Platform
IntelSetup,0x563,1,PCI-E Port Link,Platform
IntelSetup,0x823,1,Link Speed,Platform
IntelSetup,0x1742,1,Override Max Link Width,Platform
IntelSetup,0x87B,1,PCI-E Port DeEmphasis,Platform
IntelSetup,0x5BB,1,PCI-E Port Clocking,Platform
IntelSetup,0x5E7,1,PCI-E Slot Clock Source,Platform
IntelSetup,0x613,1,PCI-E Port Max Payload Size,Platform
IntelSetup,0x63F,1,PCI-E Port D-state,Platform
IntelSetup,0x58F,1,PCI-E ASPM Support,Platform
IntelSetup,0x66B,1,PCI-E Port L0s Exit Latency,Platform
IntelSetup,0x697,1,PCI-E Port L1 Exit Latency,Platform
IntelSetup,0x6C3,1,MSI,Platform
IntelSetup,0x6EF,1,PCI-E Extended Sync,Platform
IntelSetup,0x84F,1,Compliance Mode,Platform
IntelSetup,0x8A7,1,EOI,Platform
IntelSetup,0x8D3,1,Fatal Err Over,Platform
IntelSetup,0x8FF,1,Non-Fatal Err Over,Platform
IntelSetup,0x92B,1,Corr Err Over,Platform
IntelSetup,0x957,1,ACPI PME Interrupt,Platform
IntelSetup,0x983,1,L0s Support,Platform
IntelSetup,0x9DB,1,P2P Memory Write,Platform
IntelSetup,0xA07,1,P2P Memory Read,Platform
IntelSetup,0xA75,1,PME to ACK,Platform
IntelSetup,0xAB7,1,HotPlug ACPI Mode,Platform
IntelSetup,0xAE3,1,PM ACPI Mode,Platform
IntelSetup,0xE23,1,Gen3 Eq Mode,Platform
IntelSetup,0xE4F,1,Gen3 Spec Mode,Platform
IntelSetup,0xEA7,1,Gen3 Phase2 Mode,Platform
IntelSetup,0xEFF,1,Ph2 TxEq Precursor,Platform
IntelSetup,0xF2B,1,Ph2 TxEq Cursor,Platform
IntelSetup,0xF57,1,Ph2 TxEq Postcursor,Platform
IntelSetup,0xED3,1,Gen3 Phase3 Mode,Platform
IntelSetup,0xF83,1,Ph3 TxEq Precursor,Platform
IntelSetup,0xFAF,1,Ph3 TxEq Cursor,Platform
IntelSetup,0xFDB,1,Ph3 TxEq Postcursor,Platform
IntelSetup,0xE7B,1,Gen3 Linkup Flow,Platform
IntelSetup,0x1007,1,Gen3 Retrain Type,Platform
IntelSetup,0x1033,1,Gen3 DN Tx Preset,Platform
IntelSetup,0x105F,1,Gen3 DN Rx Preset Hint,Platform
IntelSetup,0x108B,1,Gen3 UP Tx Preset,Platform
IntelSetup,0xBCA,1,Hide Port?,Platform
IntelSetup,0x1716,1,Pcie Ecrc,Platform
IntelSetup,0x748,1,PCI-E Port,Platform
IntelSetup,0x412,1,Hot Plug Capable,Platform
IntelSetup,0xC64,1,Extra Bus Reserved,Platform
IntelSetup,0xCA7,2,Reserved Memory,Platform
IntelSetup,0xD6C,1,Reseved Memory Alignment,Platform
IntelSetup,0xCFF,2,Prefetchable Memory,Platform
IntelSetup,0xD98,1,Prefetchable Memory Alignment,Platform
IntelSetup,0xD40,1,Reserved I/O,Platform
IntelSetup,0x564,1,PCI-E Port Link,Platform
IntelSetup,0x824,1,Link Speed,Platform
IntelSetup,0x1743,1,Override Max Link Width,Platform
IntelSetup,0x87C,1,PCI-E Port DeEmphasis,Platform
IntelSetup,0x5BC,1,PCI-E Port Clocking,Platform
IntelSetup,0x5E8,1,PCI-E Slot Clock Source,Platform
IntelSetup,0x614,1,PCI-E Port Max Payload Size,Platform
IntelSetup,0x640,1,PCI-E Port D-state,Platform
IntelSetup,0x590,1,PCI-E ASPM Support,Platform
IntelSetup,0x66C,1,PCI-E Port L0s Exit Latency,Platform
IntelSetup,0x698,1,PCI-E Port L1 Exit Latency,Platform
IntelSetup,0x6C4,1,MSI,Platform
IntelSetup,0x6F0,1,PCI-E Extended Sync,Platform
IntelSetup,0x850,1,Compliance Mode,Platform
IntelSetup,0x8A8,1,EOI,Platform
IntelSetup,0x8D4,1,Fatal Err Over,Platform
IntelSetup,0x900,1,Non-Fatal Err Over,Platform
IntelSetup,0x92C,1,Corr Err Over,Platform
IntelSetup,0x958,1,ACPI PME Interrupt,Platform
IntelSetup,0x984,1,L0s Support,Platform
IntelSetup,0x9DC,1,P2P Memory Write,Platform
IntelSetup,0xA08,1,P2P Memory Read,Platform
IntelSetup,0xA76,1,PME to ACK,Platform
IntelSetup,0xAB8,1,HotPlug ACPI Mode,Platform
IntelSetup,0xAE4,1,PM ACPI Mode,Platform
IntelSetup,0xE24,1,Gen3 Eq Mode,Platform
IntelSetup,0xE50,1,Gen3 Spec Mode,Platform
IntelSetup,0xEA8,1,Gen3 Phase2 Mode,Platform
IntelSetup,0xF00,1,Ph2 TxEq Precursor,Platform
IntelSetup,0xF2C,1,Ph2 TxEq Cursor,Platform
IntelSetup,0xF58,1,Ph2 TxEq Postcursor,Platform
IntelSetup,0xED4,1,Gen3 Phase3 Mode,Platform
IntelSetup,0xF84,1,Ph3 TxEq Precursor,Platform
IntelSetup,0xFB0,1,Ph3 TxEq Cursor,Platform
IntelSetup,0xFDC,1,Ph3 TxEq Postcursor,Platform
IntelSetup,0xE7C,1,Gen3 Linkup Flow,Platform
IntelSetup,0x1008,1,Gen3 Retrain Type,Platform
IntelSetup,0x1034,1,Gen3 DN Tx Preset,Platform
IntelSetup,0x1060,1,Gen3 DN Rx Preset Hint,Platform
IntelSetup,0x108C,1,Gen3 UP Tx Preset,Platform
IntelSetup,0xBCB,1,Hide Port?,Platform
IntelSetup,0x1717,1,Pcie Ecrc,Platform
IntelSetup,0x749,1,PCI-E Port,Platform
IntelSetup,0x413,1,Hot Plug Capable,Platform
IntelSetup,0xC65,1,Extra Bus Reserved,Platform
IntelSetup,0xCA9,2,Reserved Memory,Platform
IntelSetup,0xD6D,1,Reseved Memory Alignment,Platform
IntelSetup,0xD01,2,Prefetchable Memory,Platform
IntelSetup,0xD99,1,Prefetchable Memory Alignment,Platform
IntelSetup,0xD41,1,Reserved I/O,Platform
IntelSetup,0x565,1,PCI-E Port Link,Platform
IntelSetup,0x825,1,Link Speed,Platform
IntelSetup,0x1744,1,Override Max Link Width,Platform
IntelSetup,0x87D,1,PCI-E Port DeEmphasis,Platform
IntelSetup,0x5BD,1,PCI-E Port Clocking,Platform
IntelSetup,0x5E9,1,PCI-E Slot Clock Source,Platform
IntelSetup,0x615,1,PCI-E Port Max Payload Size,Platform
IntelSetup,0x641,1,PCI-E Port D-state,Platform
IntelSetup,0x591,1,PCI-E ASPM Support,Platform
IntelSetup,0x66D,1,PCI-E Port L0s Exit Latency,Platform
IntelSetup,0x699,1,PCI-E Port L1 Exit Latency,Platform
IntelSetup,0x6C5,1,MSI,Platform
IntelSetup,0x6F1,1,PCI-E Extended Sync,Platform
IntelSetup,0x851,1,Compliance Mode,Platform
IntelSetup,0x8A9,1,EOI,Platform
IntelSetup,0x8D5,1,Fatal Err Over,Platform
IntelSetup,0x901,1,Non-Fatal Err Over,Platform
IntelSetup,0x92D,1,Corr Err Over,Platform
IntelSetup,0x959,1,ACPI PME Interrupt,Platform
IntelSetup,0x985,1,L0s Support,Platform
IntelSetup,0x9DD,1,P2P Memory Write,Platform
IntelSetup,0xA09,1,P2P Memory Read,Platform
IntelSetup,0xA77,1,PME to ACK,Platform
IntelSetup,0xAB9,1,HotPlug ACPI Mode,Platform
IntelSetup,0xAE5,1,PM ACPI Mode,Platform
IntelSetup,0xE25,1,Gen3 Eq Mode,Platform
IntelSetup,0xE51,1,Gen3 Spec Mode,Platform
IntelSetup,0xEA9,1,Gen3 Phase2 Mode,Platform
IntelSetup,0xF01,1,Ph2 TxEq Precursor,Platform
IntelSetup,0xF2D,1,Ph2 TxEq Cursor,Platform
IntelSetup,0xF59,1,Ph2 TxEq Postcursor,Platform
IntelSetup,0xED5,1,Gen3 Phase3 Mode,Platform
IntelSetup,0xF85,1,Ph3 TxEq Precursor,Platform
IntelSetup,0xFB1,1,Ph3 TxEq Cursor,Platform
IntelSetup,0xFDD,1,Ph3 TxEq Postcursor,Platform
IntelSetup,0xE7D,1,Gen3 Linkup Flow,Platform
IntelSetup,0x1009,1,Gen3 Retrain Type,Platform
IntelSetup,0x1035,1,Gen3 DN Tx Preset,Platform
IntelSetup,0x1061,1,Gen3 DN Rx Preset Hint,Platform
IntelSetup,0x108D,1,Gen3 UP Tx Preset,Platform
IntelSetup,0xBCC,1,Hide Port?,Platform
IntelSetup,0x1718,1,Pcie Ecrc,Platform
IntelSetup,0x74A,1,PCI-E Port,Platform
IntelSetup,0x414,1,Hot Plug Capable,Platform
IntelSetup,0xC66,1,Extra Bus Reserved,Platform
IntelSetup,0xCAB,2,Reserved Memory,Platform
IntelSetup,0xD6E,1,Reseved Memory Alignment,Platform
IntelSetup,0xD03,2,Prefetchable Memory,Platform
IntelSetup,0xD9A,1,Prefetchable Memory Alignment,Platform
IntelSetup,0xD42,1,Reserved I/O,Platform
IntelSetup,0x566,1,PCI-E Port Link,Platform
IntelSetup,0x826,1,Link Speed,Platform
IntelSetup,0x1745,1,Override Max Link Width,Platform
IntelSetup,0x87E,1,PCI-E Port DeEmphasis,Platform
IntelSetup,0x5BE,1,PCI-E Port Clocking,Platform
IntelSetup,0x5EA,1,PCI-E Slot Clock Source,Platform
IntelSetup,0x616,1,PCI-E Port Max Payload Size,Platform
IntelSetup,0x642,1,PCI-E Port D-state,Platform
IntelSetup,0x592,1,PCI-E ASPM Support,Platform
IntelSetup,0x66E,1,PCI-E Port L0s Exit Latency,Platform
IntelSetup,0x69A,1,PCI-E Port L1 Exit Latency,Platform
IntelSetup,0x6C6,1,MSI,Platform
IntelSetup,0x6F2,1,PCI-E Extended Sync,Platform
IntelSetup,0x852,1,Compliance Mode,Platform
IntelSetup,0x8AA,1,EOI,Platform
IntelSetup,0x8D6,1,Fatal Err Over,Platform
IntelSetup,0x902,1,Non-Fatal Err Over,Platform
IntelSetup,0x92E,1,Corr Err Over,Platform
IntelSetup,0x95A,1,ACPI PME Interrupt,Platform
IntelSetup,0x986,1,L0s Support,Platform
IntelSetup,0x9DE,1,P2P Memory Write,Platform
IntelSetup,0xA0A,1,P2P Memory Read,Platform
IntelSetup,0xA78,1,PME to ACK,Platform
IntelSetup,0xABA,1,HotPlug ACPI Mode,Platform
IntelSetup,0xAE6,1,PM ACPI Mode,Platform
IntelSetup,0xE26,1,Gen3 Eq Mode,Platform
IntelSetup,0xE52,1,Gen3 Spec Mode,Platform
IntelSetup,0xEAA,1,Gen3 Phase2 Mode,Platform
IntelSetup,0xF02,1,Ph2 TxEq Precursor,Platform
IntelSetup,0xF2E,1,Ph2 TxEq Cursor,Platform
IntelSetup,0xF5A,1,Ph2 TxEq Postcursor,Platform
IntelSetup,0xED6,1,Gen3 Phase3 Mode,Platform
IntelSetup,0xF86,1,Ph3 TxEq Precursor,Platform
IntelSetup,0xFB2,1,Ph3 TxEq Cursor,Platform
IntelSetup,0xFDE,1,Ph3 TxEq Postcursor,Platform
IntelSetup,0xE7E,1,Gen3 Linkup Flow,Platform
IntelSetup,0x100A,1,Gen3 Retrain Type,Platform
IntelSetup,0x1036,1,Gen3 DN Tx Preset,Platform
IntelSetup,0x1062,1,Gen3 DN Rx Preset Hint,Platform
IntelSetup,0x108E,1,Gen3 UP Tx Preset,Platform
IntelSetup,0xBCD,1,Hide Port?,Platform
IntelSetup,0x1719,1,Pcie Ecrc,Platform
IntelSetup,0x74B,1,PCI-E Port,Platform
IntelSetup,0x415,1,Hot Plug Capable,Platform
IntelSetup,0xC67,1,Extra Bus Reserved,Platform
IntelSetup,0xCAD,2,Reserved Memory,Platform
IntelSetup,0xD6F,1,Reseved Memory Alignment,Platform
IntelSetup,0xD05,2,Prefetchable Memory,Platform
IntelSetup,0xD9B,1,Prefetchable Memory Alignment,Platform
IntelSetup,0xD43,1,Reserved I/O,Platform
IntelSetup,0x567,1,PCI-E Port Link,Platform
IntelSetup,0x827,1,Link Speed,Platform
IntelSetup,0x1746,1,Override Max Link Width,Platform
IntelSetup,0x87F,1,PCI-E Port DeEmphasis,Platform
IntelSetup,0x5BF,1,PCI-E Port Clocking,Platform
IntelSetup,0x5EB,1,PCI-E Slot Clock Source,Platform
IntelSetup,0x617,1,PCI-E Port Max Payload Size,Platform
IntelSetup,0x643,1,PCI-E Port D-state,Platform
IntelSetup,0x593,1,PCI-E ASPM Support,Platform
IntelSetup,0x66F,1,PCI-E Port L0s Exit Latency,Platform
IntelSetup,0x69B,1,PCI-E Port L1 Exit Latency,Platform
IntelSetup,0x6C7,1,MSI,Platform
IntelSetup,0x6F3,1,PCI-E Extended Sync,Platform
IntelSetup,0x853,1,Compliance Mode,Platform
IntelSetup,0x8AB,1,EOI,Platform
IntelSetup,0x8D7,1,Fatal Err Over,Platform
IntelSetup,0x903,1,Non-Fatal Err Over,Platform
IntelSetup,0x92F,1,Corr Err Over,Platform
IntelSetup,0x95B,1,ACPI PME Interrupt,Platform
IntelSetup,0x987,1,L0s Support,Platform
IntelSetup,0x9DF,1,P2P Memory Write,Platform
IntelSetup,0xA0B,1,P2P Memory Read,Platform
IntelSetup,0xA79,1,PME to ACK,Platform
IntelSetup,0xABB,1,HotPlug ACPI Mode,Platform
IntelSetup,0xAE7,1,PM ACPI Mode,Platform
IntelSetup,0xE27,1,Gen3 Eq Mode,Platform
IntelSetup,0xE53,1,Gen3 Spec Mode,Platform
IntelSetup,0xEAB,1,Gen3 Phase2 Mode,Platform
IntelSetup,0xF03,1,Ph2 TxEq Precursor,Platform
IntelSetup,0xF2F,1,Ph2 TxEq Cursor,Platform
IntelSetup,0xF5B,1,Ph2 TxEq Postcursor,Platform
IntelSetup,0xED7,1,Gen3 Phase3 Mode,Platform
IntelSetup,0xF87,1,Ph3 TxEq Precursor,Platform
IntelSetup,0xFB3,1,Ph3 TxEq Cursor,Platform
IntelSetup,0xFDF,1,Ph3 TxEq Postcursor,Platform
IntelSetup,0xE7F,1,Gen3 Linkup Flow,Platform
IntelSetup,0x100B,1,Gen3 Retrain Type,Platform
IntelSetup,0x1037,1,Gen3 DN Tx Preset,Platform
IntelSetup,0x1063,1,Gen3 DN Rx Preset Hint,Platform
IntelSetup,0x108F,1,Gen3 UP Tx Preset,Platform
IntelSetup,0xBCE,1,Hide Port?,Platform
IntelSetup,0x171A,1,Pcie Ecrc,Platform
IntelSetup,0x74C,1,PCI-E Port,Platform
IntelSetup,0x416,1,Hot Plug Capable,Platform
IntelSetup,0xC68,1,Extra Bus Reserved,Platform
IntelSetup,0xCAF,2,Reserved Memory,Platform
IntelSetup,0xD70,1,Reseved Memory Alignment,Platform
IntelSetup,0xD07,2,Prefetchable Memory,Platform
IntelSetup,0xD9C,1,Prefetchable Memory Alignment,Platform
IntelSetup,0xD44,1,Reserved I/O,Platform
IntelSetup,0x568,1,PCI-E Port Link,Platform
IntelSetup,0x828,1,Link Speed,Platform
IntelSetup,0x1747,1,Override Max Link Width,Platform
IntelSetup,0x880,1,PCI-E Port DeEmphasis,Platform
IntelSetup,0x5C0,1,PCI-E Port Clocking,Platform
IntelSetup,0x5EC,1,PCI-E Slot Clock Source,Platform
IntelSetup,0x618,1,PCI-E Port Max Payload Size,Platform
IntelSetup,0x644,1,PCI-E Port D-state,Platform
IntelSetup,0x594,1,PCI-E ASPM Support,Platform
IntelSetup,0x670,1,PCI-E Port L0s Exit Latency,Platform
IntelSetup,0x69C,1,PCI-E Port L1 Exit Latency,Platform
IntelSetup,0x6C8,1,MSI,Platform
IntelSetup,0x6F4,1,PCI-E Extended Sync,Platform
IntelSetup,0x854,1,Compliance Mode,Platform
IntelSetup,0x8AC,1,EOI,Platform
IntelSetup,0x8D8,1,Fatal Err Over,Platform
IntelSetup,0x904,1,Non-Fatal Err Over,Platform
IntelSetup,0x930,1,Corr Err Over,Platform
IntelSetup,0x95C,1,ACPI PME Interrupt,Platform
IntelSetup,0x988,1,L0s Support,Platform
IntelSetup,0x9E0,1,P2P Memory Write,Platform
IntelSetup,0xA0C,1,P2P Memory Read,Platform
IntelSetup,0xA7A,1,PME to ACK,Platform
IntelSetup,0xABC,1,HotPlug ACPI Mode,Platform
IntelSetup,0xAE8,1,PM ACPI Mode,Platform
IntelSetup,0xE28,1,Gen3 Eq Mode,Platform
IntelSetup,0xE54,1,Gen3 Spec Mode,Platform
IntelSetup,0xEAC,1,Gen3 Phase2 Mode,Platform
IntelSetup,0xF04,1,Ph2 TxEq Precursor,Platform
IntelSetup,0xF30,1,Ph2 TxEq Cursor,Platform
IntelSetup,0xF5C,1,Ph2 TxEq Postcursor,Platform
IntelSetup,0xED8,1,Gen3 Phase3 Mode,Platform
IntelSetup,0xF88,1,Ph3 TxEq Precursor,Platform
IntelSetup,0xFB4,1,Ph3 TxEq Cursor,Platform
IntelSetup,0xFE0,1,Ph3 TxEq Postcursor,Platform
IntelSetup,0xE80,1,Gen3 Linkup Flow,Platform
IntelSetup,0x100C,1,Gen3 Retrain Type,Platform
IntelSetup,0x1038,1,Gen3 DN Tx Preset,Platform
IntelSetup,0x1064,1,Gen3 DN Rx Preset Hint,Platform
IntelSetup,0x1090,1,Gen3 UP Tx Preset,Platform
IntelSetup,0xBCF,1,Hide Port?,Platform
IntelSetup,0x171B,1,Pcie Ecrc,Platform
IntelSetup,0x74D,1,PCI-E Port,Platform
IntelSetup,0x417,1,Hot Plug Capable,Platform
IntelSetup,0xC69,1,Extra Bus Reserved,Platform
IntelSetup,0xCB1,2,Reserved Memory,Platform
IntelSetup,0xD71,1,Reseved Memory Alignment,Platform
IntelSetup,0xD09,2,Prefetchable Memory,Platform
IntelSetup,0xD9D,1,Prefetchable Memory Alignment,Platform
IntelSetup,0xD45,1,Reserved I/O,Platform
IntelSetup,0x569,1,PCI-E Port Link,Platform
IntelSetup,0x829,1,Link Speed,Platform
IntelSetup,0x1748,1,Override Max Link Width,Platform
IntelSetup,0x881,1,PCI-E Port DeEmphasis,Platform
IntelSetup,0x5C1,1,PCI-E Port Clocking,Platform
IntelSetup,0x5ED,1,PCI-E Slot Clock Source,Platform
IntelSetup,0x619,1,PCI-E Port Max Payload Size,Platform
IntelSetup,0x645,1,PCI-E Port D-state,Platform
IntelSetup,0x595,1,PCI-E ASPM Support,Platform
IntelSetup,0x671,1,PCI-E Port L0s Exit Latency,Platform
IntelSetup,0x69D,1,PCI-E Port L1 Exit Latency,Platform
IntelSetup,0x6C9,1,MSI,Platform
IntelSetup,0x6F5,1,PCI-E Extended Sync,Platform
IntelSetup,0x855,1,Compliance Mode,Platform
IntelSetup,0x8AD,1,EOI,Platform
IntelSetup,0x8D9,1,Fatal Err Over,Platform
IntelSetup,0x905,1,Non-Fatal Err Over,Platform
IntelSetup,0x931,1,Corr Err Over,Platform
IntelSetup,0x95D,1,ACPI PME Interrupt,Platform
IntelSetup,0x989,1,L0s Support,Platform
IntelSetup,0x9E1,1,P2P Memory Write,Platform
IntelSetup,0xA0D,1,P2P Memory Read,Platform
IntelSetup,0xA7B,1,PME to ACK,Platform
IntelSetup,0xABD,1,HotPlug ACPI Mode,Platform
IntelSetup,0xAE9,1,PM ACPI Mode,Platform
IntelSetup,0xE29,1,Gen3 Eq Mode,Platform
IntelSetup,0xE55,1,Gen3 Spec Mode,Platform
IntelSetup,0xEAD,1,Gen3 Phase2 Mode,Platform
IntelSetup,0xF05,1,Ph2 TxEq Precursor,Platform
IntelSetup,0xF31,1,Ph2 TxEq Cursor,Platform
IntelSetup,0xF5D,1,Ph2 TxEq Postcursor,Platform
IntelSetup,0xED9,1,Gen3 Phase3 Mode,Platform
IntelSetup,0xF89,1,Ph3 TxEq Precursor,Platform
IntelSetup,0xFB5,1,Ph3 TxEq Cursor,Platform
IntelSetup,0xFE1,1,Ph3 TxEq Postcursor,Platform
IntelSetup,0xE81,1,Gen3 Linkup Flow,Platform
IntelSetup,0x100D,1,Gen3 Retrain Type,Platform
IntelSetup,0x1039,1,Gen3 DN Tx Preset,Platform
IntelSetup,0x1065,1,Gen3 DN Rx Preset Hint,Platform
IntelSetup,0x1091,1,Gen3 UP Tx Preset,Platform
IntelSetup,0xBD0,1,Hide Port?,Platform
IntelSetup,0x171C,1,Pcie Ecrc,Platform
IntelSetup,0x74E,1,PCI-E Port,Platform
IntelSetup,0x418,1,Hot Plug Capable,Platform
IntelSetup,0xC6A,1,Extra Bus Reserved,Platform
IntelSetup,0xCB3,2,Reserved Memory,Platform
IntelSetup,0xD72,1,Reseved Memory Alignment,Platform
IntelSetup,0xD0B,2,Prefetchable Memory,Platform
IntelSetup,0xD9E,1,Prefetchable Memory Alignment,Platform
IntelSetup,0xD46,1,Reserved I/O,Platform
IntelSetup,0x56A,1,PCI-E Port Link,Platform
IntelSetup,0x82A,1,Link Speed,Platform
IntelSetup,0x1749,1,Override Max Link Width,Platform
IntelSetup,0x882,1,PCI-E Port DeEmphasis,Platform
IntelSetup,0x5C2,1,PCI-E Port Clocking,Platform
IntelSetup,0x5EE,1,PCI-E Slot Clock Source,Platform
IntelSetup,0x61A,1,PCI-E Port Max Payload Size,Platform
IntelSetup,0x646,1,PCI-E Port D-state,Platform
IntelSetup,0x596,1,PCI-E ASPM Support,Platform
IntelSetup,0x672,1,PCI-E Port L0s Exit Latency,Platform
IntelSetup,0x69E,1,PCI-E Port L1 Exit Latency,Platform
IntelSetup,0x6CA,1,MSI,Platform
IntelSetup,0x6F6,1,PCI-E Extended Sync,Platform
IntelSetup,0x856,1,Compliance Mode,Platform
IntelSetup,0x8AE,1,EOI,Platform
IntelSetup,0x8DA,1,Fatal Err Over,Platform
IntelSetup,0x906,1,Non-Fatal Err Over,Platform
IntelSetup,0x932,1,Corr Err Over,Platform
IntelSetup,0x95E,1,ACPI PME Interrupt,Platform
IntelSetup,0x98A,1,L0s Support,Platform
IntelSetup,0x9E2,1,P2P Memory Write,Platform
IntelSetup,0xA0E,1,P2P Memory Read,Platform
IntelSetup,0xA7C,1,PME to ACK,Platform
IntelSetup,0xABE,1,HotPlug ACPI Mode,Platform
IntelSetup,0xAEA,1,PM ACPI Mode,Platform
IntelSetup,0xE2A,1,Gen3 Eq Mode,Platform
IntelSetup,0xE56,1,Gen3 Spec Mode,Platform
IntelSetup,0xEAE,1,Gen3 Phase2 Mode,Platform
IntelSetup,0xF06,1,Ph2 TxEq Precursor,Platform
IntelSetup,0xF32,1,Ph2 TxEq Cursor,Platform
IntelSetup,0xF5E,1,Ph2 TxEq Postcursor,Platform
IntelSetup,0xEDA,1,Gen3 Phase3 Mode,Platform
IntelSetup,0xF8A,1,Ph3 TxEq Precursor,Platform
IntelSetup,0xFB6,1,Ph3 TxEq Cursor,Platform
IntelSetup,0xFE2,1,Ph3 TxEq Postcursor,Platform
IntelSetup,0xE82,1,Gen3 Linkup Flow,Platform
IntelSetup,0x100E,1,Gen3 Retrain Type,Platform
IntelSetup,0x103A,1,Gen3 DN Tx Preset,Platform
IntelSetup,0x1066,1,Gen3 DN Rx Preset Hint,Platform
IntelSetup,0x1092,1,Gen3 UP Tx Preset,Platform
IntelSetup,0xDDB,1,Non-Transparent Bridge PCIe Port Definition,Platform
IntelSetup,0xDDF,1,Enable NTB BARs,Platform
IntelSetup,0xDE3,1,Enable SPLIT BARs,Platform
IntelSetup,0xDE7,1,Primary BAR 23 Size,Platform
IntelSetup,0xDEF,1,Primary BAR 4 Size,Platform
IntelSetup,0xDF3,1,Primary BAR 5 Size,Platform
IntelSetup,0xDEB,1,Primary BAR 45 Size,Platform
IntelSetup,0xDF7,1,Secondary BAR 23 Size,Platform
IntelSetup,0xDFF,1,Secondary BAR 4 Size,Platform
IntelSetup,0xE03,1,Secondary BAR 5 Size,Platform
IntelSetup,0xDFB,1,Secondary BAR 45 Size,Platform
IntelSetup,0xE07,1,Secondary BAR 0/1 Prefetchable,Platform
IntelSetup,0xE0B,1,Crosslink control Override,Platform
IntelSetup,0xBD1,1,Hide Port?,Platform
IntelSetup,0x171D,1,Pcie Ecrc,Platform
IntelSetup,0x74F,1,PCI-E Port,Platform
IntelSetup,0x419,1,Hot Plug Capable,Platform
IntelSetup,0xC6B,1,Extra Bus Reserved,Platform
IntelSetup,0xCB5,2,Reserved Memory,Platform
IntelSetup,0xD73,1,Reseved Memory Alignment,Platform
IntelSetup,0xD0D,2,Prefetchable Memory,Platform
IntelSetup,0xD9F,1,Prefetchable Memory Alignment,Platform
IntelSetup,0xD47,1,Reserved I/O,Platform
IntelSetup,0x56B,1,PCI-E Port Link,Platform
IntelSetup,0x82B,1,Link Speed,Platform
IntelSetup,0x174A,1,Override Max Link Width,Platform
IntelSetup,0x883,1,PCI-E Port DeEmphasis,Platform
IntelSetup,0x5C3,1,PCI-E Port Clocking,Platform
IntelSetup,0x5EF,1,PCI-E Slot Clock Source,Platform
IntelSetup,0x61B,1,PCI-E Port Max Payload Size,Platform
IntelSetup,0x647,1,PCI-E Port D-state,Platform
IntelSetup,0x597,1,PCI-E ASPM Support,Platform
IntelSetup,0x673,1,PCI-E Port L0s Exit Latency,Platform
IntelSetup,0x69F,1,PCI-E Port L1 Exit Latency,Platform
IntelSetup,0x6CB,1,MSI,Platform
IntelSetup,0x6F7,1,PCI-E Extended Sync,Platform
IntelSetup,0x857,1,Compliance Mode,Platform
IntelSetup,0x8AF,1,EOI,Platform
IntelSetup,0x8DB,1,Fatal Err Over,Platform
IntelSetup,0x907,1,Non-Fatal Err Over,Platform
IntelSetup,0x933,1,Corr Err Over,Platform
IntelSetup,0x95F,1,ACPI PME Interrupt,Platform
IntelSetup,0x98B,1,L0s Support,Platform
IntelSetup,0x9E3,1,P2P Memory Write,Platform
IntelSetup,0xA0F,1,P2P Memory Read,Platform
IntelSetup,0xA7D,1,PME to ACK,Platform
IntelSetup,0xABF,1,HotPlug ACPI Mode,Platform
IntelSetup,0xAEB,1,PM ACPI Mode,Platform
IntelSetup,0xE2B,1,Gen3 Eq Mode,Platform
IntelSetup,0xE57,1,Gen3 Spec Mode,Platform
IntelSetup,0xEAF,1,Gen3 Phase2 Mode,Platform
IntelSetup,0xF07,1,Ph2 TxEq Precursor,Platform
IntelSetup,0xF33,1,Ph2 TxEq Cursor,Platform
IntelSetup,0xF5F,1,Ph2 TxEq Postcursor,Platform
IntelSetup,0xEDB,1,Gen3 Phase3 Mode,Platform
IntelSetup,0xF8B,1,Ph3 TxEq Precursor,Platform
IntelSetup,0xFB7,1,Ph3 TxEq Cursor,Platform
IntelSetup,0xFE3,1,Ph3 TxEq Postcursor,Platform
IntelSetup,0xE83,1,Gen3 Linkup Flow,Platform
IntelSetup,0x100F,1,Gen3 Retrain Type,Platform
IntelSetup,0x103B,1,Gen3 DN Tx Preset,Platform
IntelSetup,0x1067,1,Gen3 DN Rx Preset Hint,Platform
IntelSetup,0x1093,1,Gen3 UP Tx Preset,Platform
IntelSetup,0xBD2,1,Hide Port?,Platform
IntelSetup,0x171E,1,Pcie Ecrc,Platform
IntelSetup,0x750,1,PCI-E Port,Platform
IntelSetup,0x41A,1,Hot Plug Capable,Platform
IntelSetup,0xC6C,1,Extra Bus Reserved,Platform
IntelSetup,0xCB7,2,Reserved Memory,Platform
IntelSetup,0xD74,1,Reseved Memory Alignment,Platform
IntelSetup,0xD0F,2,Prefetchable Memory,Platform
IntelSetup,0xDA0,1,Prefetchable Memory Alignment,Platform
IntelSetup,0xD48,1,Reserved I/O,Platform
IntelSetup,0x56C,1,PCI-E Port Link,Platform
IntelSetup,0x82C,1,Link Speed,Platform
IntelSetup,0x174B,1,Override Max Link Width,Platform
IntelSetup,0x884,1,PCI-E Port DeEmphasis,Platform
IntelSetup,0x5C4,1,PCI-E Port Clocking,Platform
IntelSetup,0x5F0,1,PCI-E Slot Clock Source,Platform
IntelSetup,0x61C,1,PCI-E Port Max Payload Size,Platform
IntelSetup,0x648,1,PCI-E Port D-state,Platform
IntelSetup,0x598,1,PCI-E ASPM Support,Platform
IntelSetup,0x674,1,PCI-E Port L0s Exit Latency,Platform
IntelSetup,0x6A0,1,PCI-E Port L1 Exit Latency,Platform
IntelSetup,0x6CC,1,MSI,Platform
IntelSetup,0x6F8,1,PCI-E Extended Sync,Platform
IntelSetup,0x858,1,Compliance Mode,Platform
IntelSetup,0x8B0,1,EOI,Platform
IntelSetup,0x8DC,1,Fatal Err Over,Platform
IntelSetup,0x908,1,Non-Fatal Err Over,Platform
IntelSetup,0x934,1,Corr Err Over,Platform
IntelSetup,0x960,1,ACPI PME Interrupt,Platform
IntelSetup,0x98C,1,L0s Support,Platform
IntelSetup,0x9E4,1,P2P Memory Write,Platform
IntelSetup,0xA10,1,P2P Memory Read,Platform
IntelSetup,0xA7E,1,PME to ACK,Platform
IntelSetup,0xAC0,1,HotPlug ACPI Mode,Platform
IntelSetup,0xAEC,1,PM ACPI Mode,Platform
IntelSetup,0xE2C,1,Gen3 Eq Mode,Platform
IntelSetup,0xE58,1,Gen3 Spec Mode,Platform
IntelSetup,0xEB0,1,Gen3 Phase2 Mode,Platform
IntelSetup,0xF08,1,Ph2 TxEq Precursor,Platform
IntelSetup,0xF34,1,Ph2 TxEq Cursor,Platform
IntelSetup,0xF60,1,Ph2 TxEq Postcursor,Platform
IntelSetup,0xEDC,1,Gen3 Phase3 Mode,Platform
IntelSetup,0xF8C,1,Ph3 TxEq Precursor,Platform
IntelSetup,0xFB8,1,Ph3 TxEq Cursor,Platform
IntelSetup,0xFE4,1,Ph3 TxEq Postcursor,Platform
IntelSetup,0xE84,1,Gen3 Linkup Flow,Platform
IntelSetup,0x1010,1,Gen3 Retrain Type,Platform
IntelSetup,0x103C,1,Gen3 DN Tx Preset,Platform
IntelSetup,0x1068,1,Gen3 DN Rx Preset Hint,Platform
IntelSetup,0x1094,1,Gen3 UP Tx Preset,Platform
IntelSetup,0xBD3,1,Hide Port?,Platform
IntelSetup,0x171F,1,Pcie Ecrc,Platform
IntelSetup,0x751,1,PCI-E Port,Platform
IntelSetup,0x41B,1,Hot Plug Capable,Platform
IntelSetup,0xC6D,1,Extra Bus Reserved,Platform
IntelSetup,0xCB9,2,Reserved Memory,Platform
IntelSetup,0xD75,1,Reseved Memory Alignment,Platform
IntelSetup,0xD11,2,Prefetchable Memory,Platform
IntelSetup,0xDA1,1,Prefetchable Memory Alignment,Platform
IntelSetup,0xD49,1,Reserved I/O,Platform
IntelSetup,0x56D,1,PCI-E Port Link,Platform
IntelSetup,0x82D,1,Link Speed,Platform
IntelSetup,0x174C,1,Override Max Link Width,Platform
IntelSetup,0x885,1,PCI-E Port DeEmphasis,Platform
IntelSetup,0x5C5,1,PCI-E Port Clocking,Platform
IntelSetup,0x5F1,1,PCI-E Slot Clock Source,Platform
IntelSetup,0x61D,1,PCI-E Port Max Payload Size,Platform
IntelSetup,0x649,1,PCI-E Port D-state,Platform
IntelSetup,0x599,1,PCI-E ASPM Support,Platform
IntelSetup,0x675,1,PCI-E Port L0s Exit Latency,Platform
IntelSetup,0x6A1,1,PCI-E Port L1 Exit Latency,Platform
IntelSetup,0x6CD,1,MSI,Platform
IntelSetup,0x6F9,1,PCI-E Extended Sync,Platform
IntelSetup,0x859,1,Compliance Mode,Platform
IntelSetup,0x8B1,1,EOI,Platform
IntelSetup,0x8DD,1,Fatal Err Over,Platform
IntelSetup,0x909,1,Non-Fatal Err Over,Platform
IntelSetup,0x935,1,Corr Err Over,Platform
IntelSetup,0x961,1,ACPI PME Interrupt,Platform
IntelSetup,0x98D,1,L0s Support,Platform
IntelSetup,0x9E5,1,P2P Memory Write,Platform
IntelSetup,0xA11,1,P2P Memory Read,Platform
IntelSetup,0xA7F,1,PME to ACK,Platform
IntelSetup,0xAC1,1,HotPlug ACPI Mode,Platform
IntelSetup,0xAED,1,PM ACPI Mode,Platform
IntelSetup,0xE2D,1,Gen3 Eq Mode,Platform
IntelSetup,0xE59,1,Gen3 Spec Mode,Platform
IntelSetup,0xEB1,1,Gen3 Phase2 Mode,Platform
IntelSetup,0xF09,1,Ph2 TxEq Precursor,Platform
IntelSetup,0xF35,1,Ph2 TxEq Cursor,Platform
IntelSetup,0xF61,1,Ph2 TxEq Postcursor,Platform
IntelSetup,0xEDD,1,Gen3 Phase3 Mode,Platform
IntelSetup,0xF8D,1,Ph3 TxEq Precursor,Platform
IntelSetup,0xFB9,1,Ph3 TxEq Cursor,Platform
IntelSetup,0xFE5,1,Ph3 TxEq Postcursor,Platform
IntelSetup,0xE85,1,Gen3 Linkup Flow,Platform
IntelSetup,0x1011,1,Gen3 Retrain Type,Platform
IntelSetup,0x103D,1,Gen3 DN Tx Preset,Platform
IntelSetup,0x1069,1,Gen3 DN Rx Preset Hint,Platform
IntelSetup,0x1095,1,Gen3 UP Tx Preset,Platform
IntelSetup,0xBD4,1,Hide Port?,Platform
IntelSetup,0x1720,1,Pcie Ecrc,Platform
IntelSetup,0x752,1,PCI-E Port,Platform
IntelSetup,0x41C,1,Hot Plug Capable,Platform
IntelSetup,0xC6E,1,Extra Bus Reserved,Platform
IntelSetup,0xCBB,2,Reserved Memory,Platform
IntelSetup,0xD76,1,Reseved Memory Alignment,Platform
IntelSetup,0xD13,2,Prefetchable Memory,Platform
IntelSetup,0xDA2,1,Prefetchable Memory Alignment,Platform
IntelSetup,0xD4A,1,Reserved I/O,Platform
IntelSetup,0x56E,1,PCI-E Port Link,Platform
IntelSetup,0x82E,1,Link Speed,Platform
IntelSetup,0x174D,1,Override Max Link Width,Platform
IntelSetup,0x886,1,PCI-E Port DeEmphasis,Platform
IntelSetup,0x5C6,1,PCI-E Port Clocking,Platform
IntelSetup,0x5F2,1,PCI-E Slot Clock Source,Platform
IntelSetup,0x61E,1,PCI-E Port Max Payload Size,Platform
IntelSetup,0x64A,1,PCI-E Port D-state,Platform
IntelSetup,0x59A,1,PCI-E ASPM Support,Platform
IntelSetup,0x676,1,PCI-E Port L0s Exit Latency,Platform
IntelSetup,0x6A2,1,PCI-E Port L1 Exit Latency,Platform
IntelSetup,0x6CE,1,MSI,Platform
IntelSetup,0x6FA,1,PCI-E Extended Sync,Platform
IntelSetup,0x85A,1,Compliance Mode,Platform
IntelSetup,0x8B2,1,EOI,Platform
IntelSetup,0x8DE,1,Fatal Err Over,Platform
IntelSetup,0x90A,1,Non-Fatal Err Over,Platform
IntelSetup,0x936,1,Corr Err Over,Platform
IntelSetup,0x962,1,ACPI PME Interrupt,Platform
IntelSetup,0x98E,1,L0s Support,Platform
IntelSetup,0x9E6,1,P2P Memory Write,Platform
IntelSetup,0xA12,1,P2P Memory Read,Platform
IntelSetup,0xA80,1,PME to ACK,Platform
IntelSetup,0xAC2,1,HotPlug ACPI Mode,Platform
IntelSetup,0xAEE,1,PM ACPI Mode,Platform
IntelSetup,0xE2E,1,Gen3 Eq Mode,Platform
IntelSetup,0xE5A,1,Gen3 Spec Mode,Platform
IntelSetup,0xEB2,1,Gen3 Phase2 Mode,Platform
IntelSetup,0xF0A,1,Ph2 TxEq Precursor,Platform
IntelSetup,0xF36,1,Ph2 TxEq Cursor,Platform
IntelSetup,0xF62,1,Ph2 TxEq Postcursor,Platform
IntelSetup,0xEDE,1,Gen3 Phase3 Mode,Platform
IntelSetup,0xF8E,1,Ph3 TxEq Precursor,Platform
IntelSetup,0xFBA,1,Ph3 TxEq Cursor,Platform
IntelSetup,0xFE6,1,Ph3 TxEq Postcursor,Platform
IntelSetup,0xE86,1,Gen3 Linkup Flow,Platform
IntelSetup,0x1012,1,Gen3 Retrain Type,Platform
IntelSetup,0x103E,1,Gen3 DN Tx Preset,Platform
IntelSetup,0x106A,1,Gen3 DN Rx Preset Hint,Platform
IntelSetup,0x1096,1,Gen3 UP Tx Preset,Platform
IntelSetup,0xBD5,1,Hide Port?,Platform
IntelSetup,0x1721,1,Pcie Ecrc,Platform
IntelSetup,0x753,1,PCI-E Port,Platform
IntelSetup,0x41D,1,Hot Plug Capable,Platform
IntelSetup,0xC6F,1,Extra Bus Reserved,Platform
IntelSetup,0xCBD,2,Reserved Memory,Platform
IntelSetup,0xD77,1,Reseved Memory Alignment,Platform
IntelSetup,0xD15,2,Prefetchable Memory,Platform
IntelSetup,0xDA3,1,Prefetchable Memory Alignment,Platform
IntelSetup,0xD4B,1,Reserved I/O,Platform
IntelSetup,0x56F,1,PCI-E Port Link,Platform
IntelSetup,0x82F,1,Link Speed,Platform
IntelSetup,0x174E,1,Override Max Link Width,Platform
IntelSetup,0x887,1,PCI-E Port DeEmphasis,Platform
IntelSetup,0x5C7,1,PCI-E Port Clocking,Platform
IntelSetup,0x5F3,1,PCI-E Slot Clock Source,Platform
IntelSetup,0x61F,1,PCI-E Port Max Payload Size,Platform
IntelSetup,0x64B,1,PCI-E Port D-state,Platform
IntelSetup,0x59B,1,PCI-E ASPM Support,Platform
IntelSetup,0x677,1,PCI-E Port L0s Exit Latency,Platform
IntelSetup,0x6A3,1,PCI-E Port L1 Exit Latency,Platform
IntelSetup,0x6CF,1,MSI,Platform
IntelSetup,0x6FB,1,PCI-E Extended Sync,Platform
IntelSetup,0x85B,1,Compliance Mode,Platform
IntelSetup,0x8B3,1,EOI,Platform
IntelSetup,0x8DF,1,Fatal Err Over,Platform
IntelSetup,0x90B,1,Non-Fatal Err Over,Platform
IntelSetup,0x937,1,Corr Err Over,Platform
IntelSetup,0x963,1,ACPI PME Interrupt,Platform
IntelSetup,0x98F,1,L0s Support,Platform
IntelSetup,0x9E7,1,P2P Memory Write,Platform
IntelSetup,0xA13,1,P2P Memory Read,Platform
IntelSetup,0xA81,1,PME to ACK,Platform
IntelSetup,0xAC3,1,HotPlug ACPI Mode,Platform
IntelSetup,0xAEF,1,PM ACPI Mode,Platform
IntelSetup,0xE2F,1,Gen3 Eq Mode,Platform
IntelSetup,0xE5B,1,Gen3 Spec Mode,Platform
IntelSetup,0xEB3,1,Gen3 Phase2 Mode,Platform
IntelSetup,0xF0B,1,Ph2 TxEq Precursor,Platform
IntelSetup,0xF37,1,Ph2 TxEq Cursor,Platform
IntelSetup,0xF63,1,Ph2 TxEq Postcursor,Platform
IntelSetup,0xEDF,1,Gen3 Phase3 Mode,Platform
IntelSetup,0xF8F,1,Ph3 TxEq Precursor,Platform
IntelSetup,0xFBB,1,Ph3 TxEq Cursor,Platform
IntelSetup,0xFE7,1,Ph3 TxEq Postcursor,Platform
IntelSetup,0xE87,1,Gen3 Linkup Flow,Platform
IntelSetup,0x1013,1,Gen3 Retrain Type,Platform
IntelSetup,0x103F,1,Gen3 DN Tx Preset,Platform
IntelSetup,0x106B,1,Gen3 DN Rx Preset Hint,Platform
IntelSetup,0x1097,1,Gen3 UP Tx Preset,Platform
IntelSetup,0xBD6,1,Hide Port?,Platform
IntelSetup,0x1722,1,Pcie Ecrc,Platform
IntelSetup,0x754,1,PCI-E Port,Platform
IntelSetup,0x41E,1,Hot Plug Capable,Platform
IntelSetup,0xC70,1,Extra Bus Reserved,Platform
IntelSetup,0xCBF,2,Reserved Memory,Platform
IntelSetup,0xD78,1,Reseved Memory Alignment,Platform
IntelSetup,0xD17,2,Prefetchable Memory,Platform
IntelSetup,0xDA4,1,Prefetchable Memory Alignment,Platform
IntelSetup,0xD4C,1,Reserved I/O,Platform
IntelSetup,0x570,1,PCI-E Port Link,Platform
IntelSetup,0x830,1,Link Speed,Platform
IntelSetup,0x174F,1,Override Max Link Width,Platform
IntelSetup,0x888,1,PCI-E Port DeEmphasis,Platform
IntelSetup,0x5C8,1,PCI-E Port Clocking,Platform
IntelSetup,0x5F4,1,PCI-E Slot Clock Source,Platform
IntelSetup,0x620,1,PCI-E Port Max Payload Size,Platform
IntelSetup,0x64C,1,PCI-E Port D-state,Platform
IntelSetup,0x59C,1,PCI-E ASPM Support,Platform
IntelSetup,0x678,1,PCI-E Port L0s Exit Latency,Platform
IntelSetup,0x6A4,1,PCI-E Port L1 Exit Latency,Platform
IntelSetup,0x6D0,1,MSI,Platform
IntelSetup,0x6FC,1,PCI-E Extended Sync,Platform
IntelSetup,0x85C,1,Compliance Mode,Platform
IntelSetup,0x8B4,1,EOI,Platform
IntelSetup,0x8E0,1,Fatal Err Over,Platform
IntelSetup,0x90C,1,Non-Fatal Err Over,Platform
IntelSetup,0x938,1,Corr Err Over,Platform
IntelSetup,0x964,1,ACPI PME Interrupt,Platform
IntelSetup,0x990,1,L0s Support,Platform
IntelSetup,0x9E8,1,P2P Memory Write,Platform
IntelSetup,0xA14,1,P2P Memory Read,Platform
IntelSetup,0xA82,1,PME to ACK,Platform
IntelSetup,0xAC4,1,HotPlug ACPI Mode,Platform
IntelSetup,0xAF0,1,PM ACPI Mode,Platform
IntelSetup,0xE30,1,Gen3 Eq Mode,Platform
IntelSetup,0xE5C,1,Gen3 Spec Mode,Platform
IntelSetup,0xEB4,1,Gen3 Phase2 Mode,Platform
IntelSetup,0xF0C,1,Ph2 TxEq Precursor,Platform
IntelSetup,0xF38,1,Ph2 TxEq Cursor,Platform
IntelSetup,0xF64,1,Ph2 TxEq Postcursor,Platform
IntelSetup,0xEE0,1,Gen3 Phase3 Mode,Platform
IntelSetup,0xF90,1,Ph3 TxEq Precursor,Platform
IntelSetup,0xFBC,1,Ph3 TxEq Cursor,Platform
IntelSetup,0xFE8,1,Ph3 TxEq Postcursor,Platform
IntelSetup,0xE88,1,Gen3 Linkup Flow,Platform
IntelSetup,0x1014,1,Gen3 Retrain Type,Platform
IntelSetup,0x1040,1,Gen3 DN Tx Preset,Platform
IntelSetup,0x106C,1,Gen3 DN Rx Preset Hint,Platform
IntelSetup,0x1098,1,Gen3 UP Tx Preset,Platform
IntelSetup,0xBD7,1,Hide Port?,Platform
IntelSetup,0x1723,1,Pcie Ecrc,Platform
IntelSetup,0x755,1,PCI-E Port,Platform
IntelSetup,0x41F,1,Hot Plug Capable,Platform
IntelSetup,0xC71,1,Extra Bus Reserved,Platform
IntelSetup,0xCC1,2,Reserved Memory,Platform
IntelSetup,0xD79,1,Reseved Memory Alignment,Platform
IntelSetup,0xD19,2,Prefetchable Memory,Platform
IntelSetup,0xDA5,1,Prefetchable Memory Alignment,Platform
IntelSetup,0xD4D,1,Reserved I/O,Platform
IntelSetup,0x571,1,PCI-E Port Link,Platform
IntelSetup,0x831,1,Link Speed,Platform
IntelSetup,0x1750,1,Override Max Link Width,Platform
IntelSetup,0x889,1,PCI-E Port DeEmphasis,Platform
IntelSetup,0x5C9,1,PCI-E Port Clocking,Platform
IntelSetup,0x5F5,1,PCI-E Slot Clock Source,Platform
IntelSetup,0x621,1,PCI-E Port Max Payload Size,Platform
IntelSetup,0x64D,1,PCI-E Port D-state,Platform
IntelSetup,0x59D,1,PCI-E ASPM Support,Platform
IntelSetup,0x679,1,PCI-E Port L0s Exit Latency,Platform
IntelSetup,0x6A5,1,PCI-E Port L1 Exit Latency,Platform
IntelSetup,0x6D1,1,MSI,Platform
IntelSetup,0x6FD,1,PCI-E Extended Sync,Platform
IntelSetup,0x85D,1,Compliance Mode,Platform
IntelSetup,0x8B5,1,EOI,Platform
IntelSetup,0x8E1,1,Fatal Err Over,Platform
IntelSetup,0x90D,1,Non-Fatal Err Over,Platform
IntelSetup,0x939,1,Corr Err Over,Platform
IntelSetup,0x965,1,ACPI PME Interrupt,Platform
IntelSetup,0x991,1,L0s Support,Platform
IntelSetup,0x9E9,1,P2P Memory Write,Platform
IntelSetup,0xA15,1,P2P Memory Read,Platform
IntelSetup,0xA83,1,PME to ACK,Platform
IntelSetup,0xAC5,1,HotPlug ACPI Mode,Platform
IntelSetup,0xAF1,1,PM ACPI Mode,Platform
IntelSetup,0xE31,1,Gen3 Eq Mode,Platform
IntelSetup,0xE5D,1,Gen3 Spec Mode,Platform
IntelSetup,0xEB5,1,Gen3 Phase2 Mode,Platform
IntelSetup,0xF0D,1,Ph2 TxEq Precursor,Platform
IntelSetup,0xF39,1,Ph2 TxEq Cursor,Platform
IntelSetup,0xF65,1,Ph2 TxEq Postcursor,Platform
IntelSetup,0xEE1,1,Gen3 Phase3 Mode,Platform
IntelSetup,0xF91,1,Ph3 TxEq Precursor,Platform
IntelSetup,0xFBD,1,Ph3 TxEq Cursor,Platform
IntelSetup,0xFE9,1,Ph3 TxEq Postcursor,Platform
IntelSetup,0xE89,1,Gen3 Linkup Flow,Platform
IntelSetup,0x1015,1,Gen3 Retrain Type,Platform
IntelSetup,0x1041,1,Gen3 DN Tx Preset,Platform
IntelSetup,0x106D,1,Gen3 DN Rx Preset Hint,Platform
IntelSetup,0x1099,1,Gen3 UP Tx Preset,Platform
IntelSetup,0xBD8,1,Hide Port?,Platform
IntelSetup,0x1724,1,Pcie Ecrc,Platform
IntelSetup,0x756,1,PCI-E Port,Platform
IntelSetup,0x420,1,Hot Plug Capable,Platform
IntelSetup,0xC72,1,Extra Bus Reserved,Platform
IntelSetup,0xCC3,2,Reserved Memory,Platform
IntelSetup,0xD7A,1,Reseved Memory Alignment,Platform
IntelSetup,0xD1B,2,Prefetchable Memory,Platform
IntelSetup,0xDA6,1,Prefetchable Memory Alignment,Platform
IntelSetup,0xD4E,1,Reserved I/O,Platform
IntelSetup,0x572,1,PCI-E Port Link,Platform
IntelSetup,0x832,1,Link Speed,Platform
IntelSetup,0x1751,1,Override Max Link Width,Platform
IntelSetup,0x88A,1,PCI-E Port DeEmphasis,Platform
IntelSetup,0x5CA,1,PCI-E Port Clocking,Platform
IntelSetup,0x5F6,1,PCI-E Slot Clock Source,Platform
IntelSetup,0x622,1,PCI-E Port Max Payload Size,Platform
IntelSetup,0x64E,1,PCI-E Port D-state,Platform
IntelSetup,0x59E,1,PCI-E ASPM Support,Platform
IntelSetup,0x67A,1,PCI-E Port L0s Exit Latency,Platform
IntelSetup,0x6A6,1,PCI-E Port L1 Exit Latency,Platform
IntelSetup,0x6D2,1,MSI,Platform
IntelSetup,0x6FE,1,PCI-E Extended Sync,Platform
IntelSetup,0x85E,1,Compliance Mode,Platform
IntelSetup,0x8B6,1,EOI,Platform
IntelSetup,0x8E2,1,Fatal Err Over,Platform
IntelSetup,0x90E,1,Non-Fatal Err Over,Platform
IntelSetup,0x93A,1,Corr Err Over,Platform
IntelSetup,0x966,1,ACPI PME Interrupt,Platform
IntelSetup,0x992,1,L0s Support,Platform
IntelSetup,0x9EA,1,P2P Memory Write,Platform
IntelSetup,0xA16,1,P2P Memory Read,Platform
IntelSetup,0xA84,1,PME to ACK,Platform
IntelSetup,0xAC6,1,HotPlug ACPI Mode,Platform
IntelSetup,0xAF2,1,PM ACPI Mode,Platform
IntelSetup,0xE32,1,Gen3 Eq Mode,Platform
IntelSetup,0xE5E,1,Gen3 Spec Mode,Platform
IntelSetup,0xEB6,1,Gen3 Phase2 Mode,Platform
IntelSetup,0xF0E,1,Ph2 TxEq Precursor,Platform
IntelSetup,0xF3A,1,Ph2 TxEq Cursor,Platform
IntelSetup,0xF66,1,Ph2 TxEq Postcursor,Platform
IntelSetup,0xEE2,1,Gen3 Phase3 Mode,Platform
IntelSetup,0xF92,1,Ph3 TxEq Precursor,Platform
IntelSetup,0xFBE,1,Ph3 TxEq Cursor,Platform
IntelSetup,0xFEA,1,Ph3 TxEq Postcursor,Platform
IntelSetup,0xE8A,1,Gen3 Linkup Flow,Platform
IntelSetup,0x1016,1,Gen3 Retrain Type,Platform
IntelSetup,0x1042,1,Gen3 DN Tx Preset,Platform
IntelSetup,0x106E,1,Gen3 DN Rx Preset Hint,Platform
IntelSetup,0x109A,1,Gen3 UP Tx Preset,Platform
IntelSetup,0xBD9,1,Hide Port?,Platform
IntelSetup,0x1725,1,Pcie Ecrc,Platform
IntelSetup,0x757,1,PCI-E Port,Platform
IntelSetup,0x421,1,Hot Plug Capable,Platform
IntelSetup,0xC73,1,Extra Bus Reserved,Platform
IntelSetup,0xCC5,2,Reserved Memory,Platform
IntelSetup,0xD7B,1,Reseved Memory Alignment,Platform
IntelSetup,0xD1D,2,Prefetchable Memory,Platform
IntelSetup,0xDA7,1,Prefetchable Memory Alignment,Platform
IntelSetup,0xD4F,1,Reserved I/O,Platform
IntelSetup,0x573,1,PCI-E Port Link,Platform
IntelSetup,0x833,1,Link Speed,Platform
IntelSetup,0x1752,1,Override Max Link Width,Platform
IntelSetup,0x88B,1,PCI-E Port DeEmphasis,Platform
IntelSetup,0x5CB,1,PCI-E Port Clocking,Platform
IntelSetup,0x5F7,1,PCI-E Slot Clock Source,Platform
IntelSetup,0x623,1,PCI-E Port Max Payload Size,Platform
IntelSetup,0x64F,1,PCI-E Port D-state,Platform
IntelSetup,0x59F,1,PCI-E ASPM Support,Platform
IntelSetup,0x67B,1,PCI-E Port L0s Exit Latency,Platform
IntelSetup,0x6A7,1,PCI-E Port L1 Exit Latency,Platform
IntelSetup,0x6D3,1,MSI,Platform
IntelSetup,0x6FF,1,PCI-E Extended Sync,Platform
IntelSetup,0x85F,1,Compliance Mode,Platform
IntelSetup,0x8B7,1,EOI,Platform
IntelSetup,0x8E3,1,Fatal Err Over,Platform
IntelSetup,0x90F,1,Non-Fatal Err Over,Platform
IntelSetup,0x93B,1,Corr Err Over,Platform
IntelSetup,0x967,1,ACPI PME Interrupt,Platform
IntelSetup,0x993,1,L0s Support,Platform
IntelSetup,0x9EB,1,P2P Memory Write,Platform
IntelSetup,0xA17,1,P2P Memory Read,Platform
IntelSetup,0xA85,1,PME to ACK,Platform
IntelSetup,0xAC7,1,HotPlug ACPI Mode,Platform
IntelSetup,0xAF3,1,PM ACPI Mode,Platform
IntelSetup,0xE33,1,Gen3 Eq Mode,Platform
IntelSetup,0xE5F,1,Gen3 Spec Mode,Platform
IntelSetup,0xEB7,1,Gen3 Phase2 Mode,Platform
IntelSetup,0xF0F,1,Ph2 TxEq Precursor,Platform
IntelSetup,0xF3B,1,Ph2 TxEq Cursor,Platform
IntelSetup,0xF67,1,Ph2 TxEq Postcursor,Platform
IntelSetup,0xEE3,1,Gen3 Phase3 Mode,Platform
IntelSetup,0xF93,1,Ph3 TxEq Precursor,Platform
IntelSetup,0xFBF,1,Ph3 TxEq Cursor,Platform
IntelSetup,0xFEB,1,Ph3 TxEq Postcursor,Platform
IntelSetup,0xE8B,1,Gen3 Linkup Flow,Platform
IntelSetup,0x1017,1,Gen3 Retrain Type,Platform
IntelSetup,0x1043,1,Gen3 DN Tx Preset,Platform
IntelSetup,0x106F,1,Gen3 DN Rx Preset Hint,Platform
IntelSetup,0x109B,1,Gen3 UP Tx Preset,Platform
IntelSetup,0xBDA,1,Hide Port?,Platform
IntelSetup,0x1726,1,Pcie Ecrc,Platform
IntelSetup,0x758,1,PCI-E Port,Platform
IntelSetup,0x422,1,Hot Plug Capable,Platform
IntelSetup,0xC74,1,Extra Bus Reserved,Platform
IntelSetup,0xCC7,2,Reserved Memory,Platform
IntelSetup,0xD7C,1,Reseved Memory Alignment,Platform
IntelSetup,0xD1F,2,Prefetchable Memory,Platform
IntelSetup,0xDA8,1,Prefetchable Memory Alignment,Platform
IntelSetup,0xD50,1,Reserved I/O,Platform
IntelSetup,0x574,1,PCI-E Port Link,Platform
IntelSetup,0x834,1,Link Speed,Platform
IntelSetup,0x1753,1,Override Max Link Width,Platform
IntelSetup,0x88C,1,PCI-E Port DeEmphasis,Platform
IntelSetup,0x5CC,1,PCI-E Port Clocking,Platform
IntelSetup,0x5F8,1,PCI-E Slot Clock Source,Platform
IntelSetup,0x624,1,PCI-E Port Max Payload Size,Platform
IntelSetup,0x650,1,PCI-E Port D-state,Platform
IntelSetup,0x5A0,1,PCI-E ASPM Support,Platform
IntelSetup,0x67C,1,PCI-E Port L0s Exit Latency,Platform
IntelSetup,0x6A8,1,PCI-E Port L1 Exit Latency,Platform
IntelSetup,0x6D4,1,MSI,Platform
IntelSetup,0x700,1,PCI-E Extended Sync,Platform
IntelSetup,0x860,1,Compliance Mode,Platform
IntelSetup,0x8B8,1,EOI,Platform
IntelSetup,0x8E4,1,Fatal Err Over,Platform
IntelSetup,0x910,1,Non-Fatal Err Over,Platform
IntelSetup,0x93C,1,Corr Err Over,Platform
IntelSetup,0x968,1,ACPI PME Interrupt,Platform
IntelSetup,0x994,1,L0s Support,Platform
IntelSetup,0x9EC,1,P2P Memory Write,Platform
IntelSetup,0xA18,1,P2P Memory Read,Platform
IntelSetup,0xA86,1,PME to ACK,Platform
IntelSetup,0xAC8,1,HotPlug ACPI Mode,Platform
IntelSetup,0xAF4,1,PM ACPI Mode,Platform
IntelSetup,0xE34,1,Gen3 Eq Mode,Platform
IntelSetup,0xE60,1,Gen3 Spec Mode,Platform
IntelSetup,0xEB8,1,Gen3 Phase2 Mode,Platform
IntelSetup,0xF10,1,Ph2 TxEq Precursor,Platform
IntelSetup,0xF3C,1,Ph2 TxEq Cursor,Platform
IntelSetup,0xF68,1,Ph2 TxEq Postcursor,Platform
IntelSetup,0xEE4,1,Gen3 Phase3 Mode,Platform
IntelSetup,0xF94,1,Ph3 TxEq Precursor,Platform
IntelSetup,0xFC0,1,Ph3 TxEq Cursor,Platform
IntelSetup,0xFEC,1,Ph3 TxEq Postcursor,Platform
IntelSetup,0xE8C,1,Gen3 Linkup Flow,Platform
IntelSetup,0x1018,1,Gen3 Retrain Type,Platform
IntelSetup,0x1044,1,Gen3 DN Tx Preset,Platform
IntelSetup,0x1070,1,Gen3 DN Rx Preset Hint,Platform
IntelSetup,0x109C,1,Gen3 UP Tx Preset,Platform
IntelSetup,0xBDB,1,Hide Port?,Platform
IntelSetup,0x1727,1,Pcie Ecrc,Platform
IntelSetup,0x759,1,PCI-E Port,Platform
IntelSetup,0x423,1,Hot Plug Capable,Platform
IntelSetup,0xC75,1,Extra Bus Reserved,Platform
IntelSetup,0xCC9,2,Reserved Memory,Platform
IntelSetup,0xD7D,1,Reseved Memory Alignment,Platform
IntelSetup,0xD21,2,Prefetchable Memory,Platform
IntelSetup,0xDA9,1,Prefetchable Memory Alignment,Platform
IntelSetup,0xD51,1,Reserved I/O,Platform
IntelSetup,0x575,1,PCI-E Port Link,Platform
IntelSetup,0x835,1,Link Speed,Platform
IntelSetup,0x1754,1,Override Max Link Width,Platform
IntelSetup,0x88D,1,PCI-E Port DeEmphasis,Platform
IntelSetup,0x5CD,1,PCI-E Port Clocking,Platform
IntelSetup,0x5F9,1,PCI-E Slot Clock Source,Platform
IntelSetup,0x625,1,PCI-E Port Max Payload Size,Platform
IntelSetup,0x651,1,PCI-E Port D-state,Platform
IntelSetup,0x5A1,1,PCI-E ASPM Support,Platform
IntelSetup,0x67D,1,PCI-E Port L0s Exit Latency,Platform
IntelSetup,0x6A9,1,PCI-E Port L1 Exit Latency,Platform
IntelSetup,0x6D5,1,MSI,Platform
IntelSetup,0x701,1,PCI-E Extended Sync,Platform
IntelSetup,0x861,1,Compliance Mode,Platform
IntelSetup,0x8B9,1,EOI,Platform
IntelSetup,0x8E5,1,Fatal Err Over,Platform
IntelSetup,0x911,1,Non-Fatal Err Over,Platform
IntelSetup,0x93D,1,Corr Err Over,Platform
IntelSetup,0x969,1,ACPI PME Interrupt,Platform
IntelSetup,0x995,1,L0s Support,Platform
IntelSetup,0x9ED,1,P2P Memory Write,Platform
IntelSetup,0xA19,1,P2P Memory Read,Platform
IntelSetup,0xA87,1,PME to ACK,Platform
IntelSetup,0xAC9,1,HotPlug ACPI Mode,Platform
IntelSetup,0xAF5,1,PM ACPI Mode,Platform
IntelSetup,0xE35,1,Gen3 Eq Mode,Platform
IntelSetup,0xE61,1,Gen3 Spec Mode,Platform
IntelSetup,0xEB9,1,Gen3 Phase2 Mode,Platform
IntelSetup,0xF11,1,Ph2 TxEq Precursor,Platform
IntelSetup,0xF3D,1,Ph2 TxEq Cursor,Platform
IntelSetup,0xF69,1,Ph2 TxEq Postcursor,Platform
IntelSetup,0xEE5,1,Gen3 Phase3 Mode,Platform
IntelSetup,0xF95,1,Ph3 TxEq Precursor,Platform
IntelSetup,0xFC1,1,Ph3 TxEq Cursor,Platform
IntelSetup,0xFED,1,Ph3 TxEq Postcursor,Platform
IntelSetup,0xE8D,1,Gen3 Linkup Flow,Platform
IntelSetup,0x1019,1,Gen3 Retrain Type,Platform
IntelSetup,0x1045,1,Gen3 DN Tx Preset,Platform
IntelSetup,0x1071,1,Gen3 DN Rx Preset Hint,Platform
IntelSetup,0x109D,1,Gen3 UP Tx Preset,Platform
IntelSetup,0xDDC,1,Non-Transparent Bridge PCIe Port Definition,Platform
IntelSetup,0xDE0,1,Enable NTB BARs,Platform
IntelSetup,0xDE4,1,Enable SPLIT BARs,Platform
IntelSetup,0xDE8,1,Primary BAR 23 Size,Platform
IntelSetup,0xDF0,1,Primary BAR 4 Size,Platform
IntelSetup,0xDF4,1,Primary BAR 5 Size,Platform
IntelSetup,0xDEC,1,Primary BAR 45 Size,Platform
IntelSetup,0xDF8,1,Secondary BAR 23 Size,Platform
IntelSetup,0xE00,1,Secondary BAR 4 Size,Platform
IntelSetup,0xE04,1,Secondary BAR 5 Size,Platform
IntelSetup,0xDFC,1,Secondary BAR 45 Size,Platform
IntelSetup,0xE08,1,Secondary BAR 0/1 Prefetchable,Platform
IntelSetup,0xE0C,1,Crosslink control Override,Platform
IntelSetup,0xBDC,1,Hide Port?,Platform
IntelSetup,0x1728,1,Pcie Ecrc,Platform
IntelSetup,0x75A,1,PCI-E Port,Platform
IntelSetup,0x424,1,Hot Plug Capable,Platform
IntelSetup,0xC76,1,Extra Bus Reserved,Platform
IntelSetup,0xCCB,2,Reserved Memory,Platform
IntelSetup,0xD7E,1,Reseved Memory Alignment,Platform
IntelSetup,0xD23,2,Prefetchable Memory,Platform
IntelSetup,0xDAA,1,Prefetchable Memory Alignment,Platform
IntelSetup,0xD52,1,Reserved I/O,Platform
IntelSetup,0x576,1,PCI-E Port Link,Platform
IntelSetup,0x836,1,Link Speed,Platform
IntelSetup,0x1755,1,Override Max Link Width,Platform
IntelSetup,0x88E,1,PCI-E Port DeEmphasis,Platform
IntelSetup,0x5CE,1,PCI-E Port Clocking,Platform
IntelSetup,0x5FA,1,PCI-E Slot Clock Source,Platform
IntelSetup,0x626,1,PCI-E Port Max Payload Size,Platform
IntelSetup,0x652,1,PCI-E Port D-state,Platform
IntelSetup,0x5A2,1,PCI-E ASPM Support,Platform
IntelSetup,0x67E,1,PCI-E Port L0s Exit Latency,Platform
IntelSetup,0x6AA,1,PCI-E Port L1 Exit Latency,Platform
IntelSetup,0x6D6,1,MSI,Platform
IntelSetup,0x702,1,PCI-E Extended Sync,Platform
IntelSetup,0x862,1,Compliance Mode,Platform
IntelSetup,0x8BA,1,EOI,Platform
IntelSetup,0x8E6,1,Fatal Err Over,Platform
IntelSetup,0x912,1,Non-Fatal Err Over,Platform
IntelSetup,0x93E,1,Corr Err Over,Platform
IntelSetup,0x96A,1,ACPI PME Interrupt,Platform
IntelSetup,0x996,1,L0s Support,Platform
IntelSetup,0x9EE,1,P2P Memory Write,Platform
IntelSetup,0xA1A,1,P2P Memory Read,Platform
IntelSetup,0xA88,1,PME to ACK,Platform
IntelSetup,0xACA,1,HotPlug ACPI Mode,Platform
IntelSetup,0xAF6,1,PM ACPI Mode,Platform
IntelSetup,0xE36,1,Gen3 Eq Mode,Platform
IntelSetup,0xE62,1,Gen3 Spec Mode,Platform
IntelSetup,0xEBA,1,Gen3 Phase2 Mode,Platform
IntelSetup,0xF12,1,Ph2 TxEq Precursor,Platform
IntelSetup,0xF3E,1,Ph2 TxEq Cursor,Platform
IntelSetup,0xF6A,1,Ph2 TxEq Postcursor,Platform
IntelSetup,0xEE6,1,Gen3 Phase3 Mode,Platform
IntelSetup,0xF96,1,Ph3 TxEq Precursor,Platform
IntelSetup,0xFC2,1,Ph3 TxEq Cursor,Platform
IntelSetup,0xFEE,1,Ph3 TxEq Postcursor,Platform
IntelSetup,0xE8E,1,Gen3 Linkup Flow,Platform
IntelSetup,0x101A,1,Gen3 Retrain Type,Platform
IntelSetup,0x1046,1,Gen3 DN Tx Preset,Platform
IntelSetup,0x1072,1,Gen3 DN Rx Preset Hint,Platform
IntelSetup,0x109E,1,Gen3 UP Tx Preset,Platform
IntelSetup,0xBDD,1,Hide Port?,Platform
IntelSetup,0x1729,1,Pcie Ecrc,Platform
IntelSetup,0x75B,1,PCI-E Port,Platform
IntelSetup,0x425,1,Hot Plug Capable,Platform
IntelSetup,0xC77,1,Extra Bus Reserved,Platform
IntelSetup,0xCCD,2,Reserved Memory,Platform
IntelSetup,0xD7F,1,Reseved Memory Alignment,Platform
IntelSetup,0xD25,2,Prefetchable Memory,Platform
IntelSetup,0xDAB,1,Prefetchable Memory Alignment,Platform
IntelSetup,0xD53,1,Reserved I/O,Platform
IntelSetup,0x577,1,PCI-E Port Link,Platform
IntelSetup,0x837,1,Link Speed,Platform
IntelSetup,0x1756,1,Override Max Link Width,Platform
IntelSetup,0x88F,1,PCI-E Port DeEmphasis,Platform
IntelSetup,0x5CF,1,PCI-E Port Clocking,Platform
IntelSetup,0x5FB,1,PCI-E Slot Clock Source,Platform
IntelSetup,0x627,1,PCI-E Port Max Payload Size,Platform
IntelSetup,0x653,1,PCI-E Port D-state,Platform
IntelSetup,0x5A3,1,PCI-E ASPM Support,Platform
IntelSetup,0x67F,1,PCI-E Port L0s Exit Latency,Platform
IntelSetup,0x6AB,1,PCI-E Port L1 Exit Latency,Platform
IntelSetup,0x6D7,1,MSI,Platform
IntelSetup,0x703,1,PCI-E Extended Sync,Platform
IntelSetup,0x863,1,Compliance Mode,Platform
IntelSetup,0x8BB,1,EOI,Platform
IntelSetup,0x8E7,1,Fatal Err Over,Platform
IntelSetup,0x913,1,Non-Fatal Err Over,Platform
IntelSetup,0x93F,1,Corr Err Over,Platform
IntelSetup,0x96B,1,ACPI PME Interrupt,Platform
IntelSetup,0x997,1,L0s Support,Platform
IntelSetup,0x9EF,1,P2P Memory Write,Platform
IntelSetup,0xA1B,1,P2P Memory Read,Platform
IntelSetup,0xA89,1,PME to ACK,Platform
IntelSetup,0xACB,1,HotPlug ACPI Mode,Platform
IntelSetup,0xAF7,1,PM ACPI Mode,Platform
IntelSetup,0xE37,1,Gen3 Eq Mode,Platform
IntelSetup,0xE63,1,Gen3 Spec Mode,Platform
IntelSetup,0xEBB,1,Gen3 Phase2 Mode,Platform
IntelSetup,0xF13,1,Ph2 TxEq Precursor,Platform
IntelSetup,0xF3F,1,Ph2 TxEq Cursor,Platform
IntelSetup,0xF6B,1,Ph2 TxEq Postcursor,Platform
IntelSetup,0xEE7,1,Gen3 Phase3 Mode,Platform
IntelSetup,0xF97,1,Ph3 TxEq Precursor,Platform
IntelSetup,0xFC3,1,Ph3 TxEq Cursor,Platform
IntelSetup,0xFEF,1,Ph3 TxEq Postcursor,Platform
IntelSetup,0xE8F,1,Gen3 Linkup Flow,Platform
IntelSetup,0x101B,1,Gen3 Retrain Type,Platform
IntelSetup,0x1047,1,Gen3 DN Tx Preset,Platform
IntelSetup,0x1073,1,Gen3 DN Rx Preset Hint,Platform
IntelSetup,0x109F,1,Gen3 UP Tx Preset,Platform
IntelSetup,0xBDE,1,Hide Port?,Platform
IntelSetup,0x172A,1,Pcie Ecrc,Platform
IntelSetup,0x75C,1,PCI-E Port,Platform
IntelSetup,0x426,1,Hot Plug Capable,Platform
IntelSetup,0xC78,1,Extra Bus Reserved,Platform
IntelSetup,0xCCF,2,Reserved Memory,Platform
IntelSetup,0xD80,1,Reseved Memory Alignment,Platform
IntelSetup,0xD27,2,Prefetchable Memory,Platform
IntelSetup,0xDAC,1,Prefetchable Memory Alignment,Platform
IntelSetup,0xD54,1,Reserved I/O,Platform
IntelSetup,0x578,1,PCI-E Port Link,Platform
IntelSetup,0x838,1,Link Speed,Platform
IntelSetup,0x1757,1,Override Max Link Width,Platform
IntelSetup,0x890,1,PCI-E Port DeEmphasis,Platform
IntelSetup,0x5D0,1,PCI-E Port Clocking,Platform
IntelSetup,0x5FC,1,PCI-E Slot Clock Source,Platform
IntelSetup,0x628,1,PCI-E Port Max Payload Size,Platform
IntelSetup,0x654,1,PCI-E Port D-state,Platform
IntelSetup,0x5A4,1,PCI-E ASPM Support,Platform
IntelSetup,0x680,1,PCI-E Port L0s Exit Latency,Platform
IntelSetup,0x6AC,1,PCI-E Port L1 Exit Latency,Platform
IntelSetup,0x6D8,1,MSI,Platform
IntelSetup,0x704,1,PCI-E Extended Sync,Platform
IntelSetup,0x864,1,Compliance Mode,Platform
IntelSetup,0x8BC,1,EOI,Platform
IntelSetup,0x8E8,1,Fatal Err Over,Platform
IntelSetup,0x914,1,Non-Fatal Err Over,Platform
IntelSetup,0x940,1,Corr Err Over,Platform
IntelSetup,0x96C,1,ACPI PME Interrupt,Platform
IntelSetup,0x998,1,L0s Support,Platform
IntelSetup,0x9F0,1,P2P Memory Write,Platform
IntelSetup,0xA1C,1,P2P Memory Read,Platform
IntelSetup,0xA8A,1,PME to ACK,Platform
IntelSetup,0xACC,1,HotPlug ACPI Mode,Platform
IntelSetup,0xAF8,1,PM ACPI Mode,Platform
IntelSetup,0xE38,1,Gen3 Eq Mode,Platform
IntelSetup,0xE64,1,Gen3 Spec Mode,Platform
IntelSetup,0xEBC,1,Gen3 Phase2 Mode,Platform
IntelSetup,0xF14,1,Ph2 TxEq Precursor,Platform
IntelSetup,0xF40,1,Ph2 TxEq Cursor,Platform
IntelSetup,0xF6C,1,Ph2 TxEq Postcursor,Platform
IntelSetup,0xEE8,1,Gen3 Phase3 Mode,Platform
IntelSetup,0xF98,1,Ph3 TxEq Precursor,Platform
IntelSetup,0xFC4,1,Ph3 TxEq Cursor,Platform
IntelSetup,0xFF0,1,Ph3 TxEq Postcursor,Platform
IntelSetup,0xE90,1,Gen3 Linkup Flow,Platform
IntelSetup,0x101C,1,Gen3 Retrain Type,Platform
IntelSetup,0x1048,1,Gen3 DN Tx Preset,Platform
IntelSetup,0x1074,1,Gen3 DN Rx Preset Hint,Platform
IntelSetup,0x10A0,1,Gen3 UP Tx Preset,Platform
IntelSetup,0xBDF,1,Hide Port?,Platform
IntelSetup,0x172B,1,Pcie Ecrc,Platform
IntelSetup,0x2A4,1,System Errors,Platform
IntelSetup,0x2B4,1,McBankErrorInjectionSupport,Platform
IntelSetup,0x2B5,1,Clear McBankErrors,Platform
IntelSetup,0x2A6,1,System Poison,Platform
IntelSetup,0x2A8,1,IIO Error Enable,Platform
IntelSetup,0x2A7,1,PCH Error Enable,Platform
IntelSetup,0x2A9,1,EMCA Logging Support,Platform
IntelSetup,0x2AB,1,Ignore OS EMCA Opt-in,Platform
IntelSetup,0x2AA,1,EMCA CMCI-SMI Morphing,Platform
IntelSetup,0x2AC,1,EMCA MCE-SMI Morphing,Platform
IntelSetup,0x2AD,1,UBOX UMC TO SMI ENABLE,Platform
IntelSetup,0x1780,1,Enable Cloaking,Platform
IntelSetup,0x2B8,1,SMI QPI Lane Failover,Platform
IntelSetup,0x2BE,1,Error pin Programming for IIO,Platform
IntelSetup,0x2BF,1,IIO IRP0 protocol parity error,Platform
IntelSetup,0x2C0,1,IIO IRP0 protocol qt overflow underflow error,Platform
IntelSetup,0x2C1,1,IIO IRP0 protocol rcvd unexprsp,Platform
IntelSetup,0x2C2,1,IIO IRP0 csr acc 32b unaligned,Platform
IntelSetup,0x2C3,1,IIO IRP0 wrcache uncecc error,Platform
IntelSetup,0x2C4,1,IIO IRP0 protocol rcvd poison error,Platform
IntelSetup,0x2C5,1,IIO IRP0 wrcache correcc error,Platform
IntelSetup,0x2C6,1,IIO IRP1 protocol parity error,Platform
IntelSetup,0x2C7,1,IIO IRP1 protocol qt overflow underflow error,Platform
IntelSetup,0x2C8,1,IIO IRP1 protocol rcvd unexprsp,Platform
IntelSetup,0x2C9,1,IIO IRP1 csr acc 32b unaligned,Platform
IntelSetup,0x2CA,1,IIO IRP1 wrcache uncecc error,Platform
IntelSetup,0x2CB,1,IIO IRP1 protocol rcvd poison error,Platform
IntelSetup,0x2CC,1,IIO IRP1 wrcache correcc error,Platform
IntelSetup,0x2D0,1,PCI-Ex Error Enable,Platform
IntelSetup,0x2CF,1,Corrected Error Enable,Platform
IntelSetup,0x2CE,1,Uncorrected Error Enable,Platform
IntelSetup,0x2CD,1,Fatal Error Enable,Platform
IntelSetup,0x2D3,1,PCIe Correctable error threshold,Platform
IntelSetup,0x2D1,1,Enable SERR propagation,Platform
IntelSetup,0x2D2,1,Enable PERR propagation,Platform
IntelSetup,0x2AE,1,WHEA Support,Platform
IntelSetup,0x2AF,1,WHEA Error Injection 5.0 Extension,Platform
IntelSetup,0x2B1,1,WHEA FFM Logging,Platform
IntelSetup,0x2B0,1,Whea UEFI Revision,Platform
IntelSetup,0x2B2,1,WHEA PCIe Error Injection,Platform
IntelSetup,0x2B3,1,WHEA PCIe EInj Action Table,Platform
IntelSetup,0x2B9,1,Memory corrected Error enbaling,Platform
IntelSetup,0x2BA,1,Spare interrupt,Platform
IntelSetup,0x2BC,1,Mirror FailOver Smi,Platform
IntelSetup,0x1294,1,Enforce POR,Platform
IntelSetup,0x17AA,1,PPR Type,Platform
IntelSetup,0x17AB,1,PPR Error Injection test,Platform
IntelSetup,0x1248,1,Memory Frequency,Platform
IntelSetup,0x1206,1,DDR3 Voltage Level,Platform
IntelSetup,0x126A,1,MRC Promote Warnings,Platform
IntelSetup,0x126B,1,Promote Warnings,Platform
IntelSetup,0x1226,1,Halt on mem Training Error,Platform
IntelSetup,0x1269,1,Multi-Threaded MRC,Platform
IntelSetup,0x11FF,1,ECC Support,Platform
IntelSetup,0x1793,1,Enforce Timeout,Platform
IntelSetup,0x129D,1,Enhanced Log Parsing,Platform
IntelSetup,0x1775,1,BSSA Module Loader,Platform
IntelSetup,0x1794,1,Backside RMT,Platform
IntelSetup,0x124A,1,Rank Multiplication,Platform
IntelSetup,0x124B,1,LRDIMM Module Delay,Platform
IntelSetup,0x11EF,1,MemTest,Platform
IntelSetup,0x11F0,2,MemTestLoops,Platform
IntelSetup,0x11F2,1,Dram Maintenance Test,Platform
IntelSetup,0x11F3,1,Dram Maintenance Test Direction,Platform
IntelSetup,0x11F4,1,Dram Maintenance Test Invertion,Platform
IntelSetup,0x11F5,4,Dram Maintenance Test Repetitions,Platform
IntelSetup,0x11F9,4,Dram Maintenance Test Interation on Row,Platform
IntelSetup,0x11FD,1,Dram Maintenance Swizzle enabling,Platform
IntelSetup,0x11FE,1,Dram Maintenance Refresh enabling during test,Platform
IntelSetup,0x11EE,1,Memory Type,Platform
IntelSetup,0x177A,1,CECC WA CH Mask,Platform
IntelSetup,0x1288,1,Rank Margin Tool,Platform
IntelSetup,0x124E,4,RMT Pattern Length,Platform
IntelSetup,0x1795,4,CMD Pattern Length,Platform
IntelSetup,0x129B,1,Per Bit Margin,Platform
IntelSetup,0x17B8,1,Training Result Offset Config,Platform
IntelSetup,0x17B9,2,Offset TxDq Timing,Platform
IntelSetup,0x17BD,2,Offset TxVref,Platform
IntelSetup,0x17BB,2,Offset RxDq Timing,Platform
IntelSetup,0x17BF,2,Offset RxVref,Platform
IntelSetup,0x17C1,2,Offset CMD Timing,Platform
IntelSetup,0x17C3,2,Offset CMDVref,Platform
IntelSetup,0x17C5,2,Offset CTLAll,Platform
IntelSetup,0x1208,1,Attempt Fast Boot,Platform
IntelSetup,0x1209,1,Attempt Fast Cold Boot,Platform
IntelSetup,0x1207,1,MemTest On Fast Boot,Platform
IntelSetup,0x17A8,1,RMT On Cold Fast Boot,Platform
IntelSetup,0x120A,1,BDAT,Platform
IntelSetup,0x120B,1,Data Scrambling,Platform
IntelSetup,0x120C,1,Allow SBE during training,Platform
IntelSetup,0x1779,1,WR CRC feature Control,Platform
IntelSetup,0x17C9,1,Platform type input for SPD page selection.,Platform
IntelSetup,0x177B,1,CECC WA Control,Platform
IntelSetup,0x177C,1,CAP ERR FLOW feature Control,Platform
IntelSetup,0x120D,2,Scrambling Seed Low,Platform
IntelSetup,0x120F,2,Scrambling Seed High,Platform
IntelSetup,0x1286,1,Enable ADR,Platform
IntelSetup,0x1778,1,Adr data save mode,Platform
IntelSetup,0x1256,1,Check PCH_PM_STS,Platform
IntelSetup,0x1257,1,Check PlatformDetectADR,Platform
IntelSetup,0x1219,1,Custom Refresh Enable,Platform
IntelSetup,0x121A,1,Custom Refresh Rate,Platform
IntelSetup,0x1218,1,Refresh Options,Platform
IntelSetup,0x121F,1,MC BGF threshold,Platform
IntelSetup,0x1220,1,DLL Reset Test,Platform
IntelSetup,0x122B,1,MC ODT Mode,Platform
IntelSetup,0x126C,1,Opp read during WMM,Platform
IntelSetup,0x126D,2,Normal Operation Duration,Platform
IntelSetup,0x126F,2,Number of Sparing Transaction,Platform
IntelSetup,0x1271,1,PSMI Support,Platform
IntelSetup,0x1291,1,C/A Parity Enable,Platform
IntelSetup,0x1292,1,SMB Clock Frequency,Platform
IntelSetup,0x1289,1,DIMM Rank Enable Mask,Platform
IntelSetup,0x1272,1,Socket 0 Channel 0 Rank Enable BitMask,Platform
IntelSetup,0x1273,1,Socket 0 Channel 1 Rank Enable BitMask,Platform
IntelSetup,0x1274,1,Socket 0 Channel 2 Rank Enable BitMask,Platform
IntelSetup,0x1275,1,Socket 0 Channel 3 Rank Enable BitMask,Platform
IntelSetup,0x1276,1,Socket 1 Channel 0 Rank Enable BitMask,Platform
IntelSetup,0x1277,1,Socket 1 Channel 1 Rank Enable BitMask,Platform
IntelSetup,0x1278,1,Socket 1 Channel 2 Rank Enable BitMask,Platform
IntelSetup,0x1279,1,Socket 1 Channel 3 Rank Enable BitMask,Platform
IntelSetup,0x127A,1,Socket 2 Channel 0 Rank Enable BitMask,Platform
IntelSetup,0x127B,1,Socket 2 Channel 1 Rank Enable BitMask,Platform
IntelSetup,0x127C,1,Socket 2 Channel 2 Rank Enable BitMask,Platform
IntelSetup,0x127D,1,Socket 2 Channel 3 Rank Enable BitMask,Platform
IntelSetup,0x127E,1,Socket 3 Channel 0 Rank Enable BitMask,Platform
IntelSetup,0x127F,1,Socket 3 Channel 1 Rank Enable BitMask,Platform
IntelSetup,0x1280,1,Socket 3 Channel 2 Rank Enable BitMask,Platform
IntelSetup,0x1281,1,Socket 3 Channel 3 Rank Enable BitMask,Platform
IntelSetup,0x11BC,1,Page Policy,Platform
IntelSetup,0x1773,1,RX Ctle Training,Platform
IntelSetup,0x1232,1,Tx Eq Calibration,Platform
IntelSetup,0x1233,1,iMode Training,Platform
IntelSetup,0x1230,1,Early CMD Training,Platform
IntelSetup,0x1231,1,Early CTL Training,Platform
IntelSetup,0x122C,1,Advanced Clk Training,Platform
IntelSetup,0x122D,1,CMD Normalization,Platform
IntelSetup,0x1234,1,Round Trip Latency,Platform
IntelSetup,0x1235,1,Duty Cycle Training,Platform
IntelSetup,0x122E,1,Advanced Strobe Centering,Platform
IntelSetup,0x1293,1,Per Bit Deskew,Platform
IntelSetup,0x1223,1,Read Vref Centering,Platform
IntelSetup,0x1296,1,Turnaround Time Optimization,Platform
IntelSetup,0x1295,1,PDA,Platform
IntelSetup,0x1224,1,Write Vref Centering,Platform
IntelSetup,0x1772,1,Command Vref Centering,Platform
IntelSetup,0x1774,1,LRDIMM Backside Vref Centering,Platform
IntelSetup,0x178F,1,LRDIMM Write Vref Training,Platform
IntelSetup,0x1790,1,LRDIMM Read Vref Training,Platform
IntelSetup,0x1791,1,LRDIMM RX DQ Centering Training,Platform
IntelSetup,0x1792,1,LRDIMM TX DQ Centering Training,Platform
IntelSetup,0x1229,1,OLTT Peak BW %,Platform
IntelSetup,0x1287,1,Phase Shedding,Platform
IntelSetup,0x1264,1,Memory Power Savings Mode,Platform
IntelSetup,0x1284,1,MDLL Off,Platform
IntelSetup,0x1285,1,MEMHOT Throttling Mode,Platform
IntelSetup,0x1265,1,Mem Electrical Throttling,Platform
IntelSetup,0x1204,1,CK in SR,Platform
IntelSetup,0x1203,1,CKE Throttling,Platform
IntelSetup,0x1205,1,Opportunistic SR,Platform
IntelSetup,0x1237,1,DIMM profile,Platform
IntelSetup,0x1249,1,Memory Voltage,Platform
IntelSetup,0x1245,1,Command Timing,Platform
IntelSetup,0x1246,2,Refresh Rate,Platform
IntelSetup,0x1238,1,CAS Latency,Platform
IntelSetup,0x1239,1,tRP,Platform
IntelSetup,0x123A,1,tRCD,Platform
IntelSetup,0x123B,1,tRAS,Platform
IntelSetup,0x123C,1,tWR,Platform
IntelSetup,0x123D,2,tRFC,Platform
IntelSetup,0x123F,1,tRRD,Platform
IntelSetup,0x1240,1,tRTP,Platform
IntelSetup,0x1241,1,tWTR,Platform
IntelSetup,0x1242,1,tFAW,Platform
IntelSetup,0x1244,1,tRC,Platform
IntelSetup,0x1243,1,tCWL,Platform
IntelSetup,0x1200,1,Socket Interleave Below 4GB,Platform
IntelSetup,0x1201,1,Channel Interleaving,Platform
IntelSetup,0x1202,1,Rank Interleaving,Platform
IntelSetup,0x1297,2,IOT Memory Buffer Reservation,Platform
IntelSetup,0x1282,1,A7 Mode,Platform
IntelSetup,0x1334,1,RAS Mode,Platform
IntelSetup,0x1290,1,Lockstep x4 DIMMs,Platform
IntelSetup,0x128A,1,Memory Rank Sparing,Platform
IntelSetup,0x128B,1,Multi Rank Sparing,Platform
IntelSetup,0x11C8,2,Correctable Error Threshold,Platform
IntelSetup,0x11CA,1,Leaky bucket low bit,Platform
IntelSetup,0x11CB,1,Leaky bucket high bit,Platform
IntelSetup,0x11CC,1,DRAM Maintenance,Platform
IntelSetup,0x11CD,1,DRAM Maintenance Mode,Platform
IntelSetup,0x11CE,1,TRR Mode,Platform
IntelSetup,0x11C3,1,Patrol Scrub,Platform
IntelSetup,0x11C4,1,Patrol Scrub Interval,Platform
IntelSetup,0x11C5,1,Demand Scrub,Platform
IntelSetup,0x11C6,1,Device Tagging,Platform
IntelSetup,0x1781,1,Handle Hard Error Detection,Platform
IntelSetup,0x1782,4,Threshold,Platform
IntelSetup,0x1786,4,Duration,Platform
IntelSetup,0x11C0,1,Memory Power Management,Platform
IntelSetup,0x71,1,Hyper-Threading [ALL],Platform
IntelSetup,0x89,1,Intel Enhanced Debug,Platform
IntelSetup,0x8A,1,IED Trace memory,Platform
IntelSetup,0x8B,1,TSEG Smram Size,Platform
IntelSetup,0x8E,1,Check CPU BIST Result,Platform
IntelSetup,0xA4,1,CPU Flex Ratio Override,Platform
IntelSetup,0xA3,1,CPU Core Ratio,Platform
IntelSetup,0x77,1,3StrikeTimer,Platform
IntelSetup,0x7F,1,Performance/Watt,Platform
IntelSetup,0x7D,1,Monitor/Mwait,Platform
IntelSetup,0x7C,1,Fast String,Platform
IntelSetup,0x7E,1,Machine Check,Platform
IntelSetup,0x61,1,Max CPUID Value Limit,Platform
IntelSetup,0x79,1,xTPR,Platform
IntelSetup,0x72,1,Enable Intel TXT Support,Platform
IntelSetup,0x74,1,Enable SMX,Platform
IntelSetup,0xB3,1,Lock Chipset,Platform
IntelSetup,0x75,1,MSR Lock Control,Platform
IntelSetup,0xB2,1,PPIN Control,Platform
IntelSetup,0x76,1,DEBUG INTERFACE,Platform
IntelSetup,0x82,1,Hardware Prefetcher,Platform
IntelSetup,0x83,1,Adjacent Cache Prefetch,Platform
IntelSetup,0x84,1,DCU Streamer Prefetcher,Platform
IntelSetup,0x85,1,DCU IP Prefetcher,Platform
IntelSetup,0x86,1,DCU Mode,Platform
IntelSetup,0x88,1,Bsp Selection,Platform
IntelSetup,0xA9,1,UP Boot Selection,Platform
IntelSetup,0x80,1,Direct Cache Access (DCA),Platform
IntelSetup,0x81,1,DCA Prefetch Delay,Platform
IntelSetup,0xAA,1,MTRR Default as uncacheable.,Platform
IntelSetup,0x87,1,X2APIC,Platform
IntelSetup,0x16F7,1,X2APIC_OPT_OUT Flag,Platform
IntelSetup,0xB1,1,AES-NI,Platform
IntelSetup,0xAE,1,APIC Physical Mode,Platform
IntelSetup,0xAF,1,Virtual Wire Mode,Platform
IntelSetup,0x2A5,1,Down Stream PECI,Platform
IntelSetup,0xD0,4,IIO LLC Ways [19:0](Hex),Platform
IntelSetup,0xD8,4,QLRU Config [63:32](Hex),Platform
IntelSetup,0xD4,4,QLRU Config [31:0](Hex),Platform
IntelSetup,0x1615,1,SMM Save State,Platform
IntelSetup,0x1616,1,Targeted Smi,Platform
IntelSetup,0x9F,1,Cores Enabled,Platform
IntelSetup,0x8F,4,Core Disable Bitmap(Hex),Platform
IntelSetup,0xB8,4,IOT Cfg Cbo Bitmap(Hex),Platform
IntelSetup,0xCC,1,OCLA Ways,Platform
IntelSetup,0xC8,1,OCLA Tor IDs,Platform
IntelSetup,0xA0,1,Cores Enabled,Platform
IntelSetup,0x93,4,Core Disable Bitmap(Hex),Platform
IntelSetup,0xBC,4,IOT Cfg Cbo Bitmap(Hex),Platform
IntelSetup,0xCD,1,OCLA Ways,Platform
IntelSetup,0xC9,1,OCLA Tor IDs,Platform
IntelSetup,0x1313,1,Me FW Image Re-Flash,Platform
IntelSetup,0x16FB,1,ME State,Platform
IntelSetup,0x1316,1,Me FW Image Re-Flash,Platform
IntelSetup,0x1317,1,Local FW Update,Platform
IntelSetup,0x1318,1,Manageability State,Platform
IntelSetup,0x1319,1,IFR Update,Platform
IntelSetup,0x131B,1,MDES Capability,Platform
IntelSetup,0x131C,1,Intel SVT for PCH Capability,Platform
IntelSetup,0x1323,1,USB Configure,Platform
IntelSetup,0x131D,1,PET Progress,Platform
IntelSetup,0x131E,1,Activate Remote Assistance Process,Platform
IntelSetup,0x297,1,ASF,Platform
IntelSetup,0x298,1,WatchDog,Platform
IntelSetup,0x29B,2,BIOS Timer,Platform
IntelSetup,0x179D,1,OS WatchDog,Platform
IntelSetup,0x299,2,OS Timer,Platform
IntelSetup,0x1326,1,Non-UI Mode Resolution,Platform
IntelSetup,0x1327,1,UI Mode Resolution,Platform
IntelSetup,0x1328,1,Graphics Mode Resolution,Platform
IntelSetup,0x12C5,1,ME Initialization Complete Timeout,Platform
IntelSetup,0x12C6,1,Custom HPET timer for SPS HECI Waiting,Platform
IntelSetup,0x12CD,1,DRAM Init Done Enable,Platform
IntelSetup,0x12CE,1,DRAM Init Done Timeout,Platform
IntelSetup,0x12CF,1,DRAM Initialization Status,Platform
IntelSetup,0x12D0,1,HMRFPO_LOCK Message,Platform
IntelSetup,0x12D1,1,HMRFPO_ENABLE Message,Platform
IntelSetup,0x12D2,1,END_OF_POST Message,Platform
IntelSetup,0x12D3,1,Global Reset Lock,Platform
IntelSetup,0x12D4,1,HECI-1 Enable,Platform
IntelSetup,0x12D5,1,HECI-2 Enable,Platform
IntelSetup,0x12D6,1,IDEr Enable,Platform
IntelSetup,0x12D7,1,KT Enable,Platform
IntelSetup,0x12D8,1,Silicon View Technology,Platform
IntelSetup,0x12DA,1,MPHY Send Table,Platform
IntelSetup,0x12D9,1,MPHY Corrupt Endpoints,Platform
IntelSetup,0x12DB,1,Boot Mode Override,Platform
IntelSetup,0x12DC,1,Boot Mode,Platform
IntelSetup,0x12DD,1,Cores Disable Override,Platform
IntelSetup,0x12DE,1,Cores To Disable,Platform
IntelSetup,0x12DF,1,Power Measurement Override,Platform
IntelSetup,0x12E0,1,Power Measurement,Platform
IntelSetup,0x12E1,1,Hardware Change Override,Platform
IntelSetup,0x12E2,1,Hardware Changed,Platform
IntelSetup,0x12EB,1,Override ICC Clock Enables,Platform
IntelSetup,0x12EC,1,ICC/OC Watchdog Timer,Platform
IntelSetup,0x12ED,1,ICC Unused Clocks,Platform
IntelSetup,0x130F,1,ICC Locks after EOP,Platform
IntelSetup,0x12EF,1,ICC Profile,Platform
IntelSetup,0x12F2,1,ICC PLL Shutdown,Platform
IntelSetup,0x12F9,2,Clock Frequency,Platform
IntelSetup,0x12FE,1,Spread %,Platform
IntelSetup,0x1301,1,DMI/PEG Ratio,Platform
IntelSetup,0x12FB,2,Clock Frequency,Platform
IntelSetup,0x12FF,1,Spread %,Platform
IntelSetup,0x1336,1,LOT26 Enable,Platform
IntelSetup,0x8D,1,UFS,Platform
IntelSetup,0x135A,1,Power Technology,Platform
IntelSetup,0x135B,1,CPU PM Tuning,Platform
IntelSetup,0x160F,1,Config TDP,Platform
IntelSetup,0x1610,1,Config TDP Level,Platform
IntelSetup,0x17C7,1,IOTG Setting,Platform
IntelSetup,0x179A,1,Uncore CLR Freq OVRD,Platform
IntelSetup,0x178D,1,Uncore Max CLR Freq,Platform
IntelSetup,0x177E,1,Enable CPU HWPM,Platform
IntelSetup,0x177F,1,Enable CPU Autonomous Cstate,Platform
IntelSetup,0x63,1,EIST (P-states),Platform
IntelSetup,0xB4,1,Turbo Mode,Platform
IntelSetup,0x65,1,P-state coordination,Platform
IntelSetup,0x66,1,SPD,Platform
IntelSetup,0x67,1,PL2_SAFETY_NET_ENABLE,Platform
IntelSetup,0x13D8,1,Energy efficient P-state,Platform
IntelSetup,0x68,1,Boot performance mode,Platform
IntelSetup,0x13DB,1,Extreme Edition,Platform
IntelSetup,0x13DC,1,Overclocking Lock,Platform
IntelSetup,0x16C6,2,1-Core Ratio Limit,Platform
IntelSetup,0x16C8,2,2-Core Ratio Limit,Platform
IntelSetup,0x16CA,2,3-Core Ratio Limit,Platform
IntelSetup,0x16CC,2,4-Core Ratio Limit,Platform
IntelSetup,0x16CE,2,5-Core Ratio Limit,Platform
IntelSetup,0x16D0,2,6-Core Ratio Limit,Platform
IntelSetup,0x16D2,2,7-Core Ratio Limit,Platform
IntelSetup,0x16D4,2,8-Core Ratio Limit,Platform
IntelSetup,0x16D6,2,9-Core Ratio Limit,Platform
IntelSetup,0x16D8,2,10-Core Ratio Limit,Platform
IntelSetup,0x16DA,2,11-Core Ratio Limit,Platform
IntelSetup,0x16DC,2,12-Core Ratio Limit,Platform
IntelSetup,0x16DE,2,13-Core Ratio Limit,Platform
IntelSetup,0x16E0,2,14-Core Ratio Limit,Platform
IntelSetup,0x16E2,2,15-Core Ratio Limit,Platform
IntelSetup,0x16E4,2,16-Core Ratio Limit,Platform
IntelSetup,0x16E6,2,17-Core Ratio Limit,Platform
IntelSetup,0x16E8,2,18-Core Ratio Limit,Platform
IntelSetup,0x16EA,2,19-Core Ratio Limit,Platform
IntelSetup,0x16EC,2,20-Core Ratio Limit,Platform
IntelSetup,0x16EE,2,21-Core Ratio Limit,Platform
IntelSetup,0x16F0,2,22-Core Ratio Limit,Platform
IntelSetup,0x16F2,2,23-Core Ratio Limit,Platform
IntelSetup,0x16F4,2,24-Core Ratio Limit,Platform
IntelSetup,0x1399,4,C2C3TT,Platform
IntelSetup,0x69,1,CPU C State,Platform
IntelSetup,0x6C,1,Package C State limit,Platform
IntelSetup,0x6D,1,CPU C3 report,Platform
IntelSetup,0x6E,1,CPU C6 report,Platform
IntelSetup,0x70,1,Enhanced Halt State (C1E),Platform
IntelSetup,0xAD,1,OS ACPI Cx,Platform
IntelSetup,0xAB,1,ACPI T-States,Platform
IntelSetup,0xAC,1,T-State Throttle,Platform
IntelSetup,0x13D7,1,Thermal Monitor,Platform
IntelSetup,0x139F,1,Energy Performance Tuning,Platform
IntelSetup,0x160B,1,Energy Performance BIAS setting.,Platform
IntelSetup,0x13A0,1,Power/Performance Switch,Platform
IntelSetup,0x160A,1,Workload Configuration,Platform
IntelSetup,0x1606,2,Averaging Time Window,Platform
IntelSetup,0x1608,1,P0 TotalTimeThreshold Low,Platform
IntelSetup,0x1609,1,P0 TotalTimeThreshold High,Platform
IntelSetup,0x139D,1,PKG C-state Lat. Neg.,Platform
IntelSetup,0x139E,1,LTR Software Input,Platform
IntelSetup,0x13A2,1,SAPM Control,Platform
IntelSetup,0x13A3,1,PHOLD_SR,Platform
IntelSetup,0x13A4,1,PHOLD_CST_PREVENTION_INIT,Platform
IntelSetup,0x13A5,1,FAST_Brk_Int_En,Platform
IntelSetup,0x13A6,1,FAST_Brk_Snp_En,Platform
IntelSetup,0x13A9,1,Energy Efficient Turbo,Platform
IntelSetup,0x13AB,1,PP0 Current_Cfg_Ctl Ovrd,Platform
IntelSetup,0x160C,1,Current Config,Platform
IntelSetup,0x13AD,1,PSI3 Threshold,Platform
IntelSetup,0x13AF,1,PSI2 Threshold,Platform
IntelSetup,0x13B1,1,PSI1 Threshold,Platform
IntelSetup,0x13AA,1,Lock Indication,Platform
IntelSetup,0x1339,1,PKGC_ENTRY_CRITERIA OVRD,Platform
IntelSetup,0x13CD,1,Snoop Latency Valid,Platform
IntelSetup,0x13CE,1,Snoop Latency Override,Platform
IntelSetup,0x13CF,1,Snoop Latency Multiplier,Platform
IntelSetup,0x13D0,2,Snoop Latency Value,Platform
IntelSetup,0x13D2,1,Non-Snoop Latency Valid,Platform
IntelSetup,0x13D3,1,Non-Snoop Latency Override,Platform
IntelSetup,0x13D4,1,NonSnoop LatencyMultiplier,Platform
IntelSetup,0x13D5,2,Non-Snoop Latency Value,Platform
IntelSetup,0x13C1,1,EEP_L_OVERRIDE,Platform
IntelSetup,0x13C2,1,EEP_L_OVERRIDE_ENABLE,Platform
IntelSetup,0x13C3,1,I_TURBO_OVERRIDE_ENABLE,Platform
IntelSetup,0x13C4,1,CST_DEMOTION_OVRD_ENABLE,Platform
IntelSetup,0x13C5,1,TURBO_DEMOTION_OVRD_ENABLE,Platform
IntelSetup,0x13C6,1,UNCORE_PERF_PLIMIT_OVRD_EN,Platform
IntelSetup,0x13C7,1,EET_OVERRIDE_ENABLE,Platform
IntelSetup,0x13C8,1,IO_BW_PLIMIT_OVRD_EN,Platform
IntelSetup,0x13CA,1,IOM_APM_OVERRIDE_ENABLE,Platform
IntelSetup,0x13CB,1,QPI_APM_OVERRIDE_ENABLE,Platform
IntelSetup,0x1356,1,IIO_PKGC_CLK_GATE_DISABLE,Platform
IntelSetup,0x1355,1,QPI01_PKGC_CLK_GATE_DISABL,Platform
IntelSetup,0x1354,1,QPI2_PKGC_CLK_GATE_DISABLE,Platform
IntelSetup,0x1357,1,FORCE_PPLL_OFF,Platform
IntelSetup,0x1348,1,MC1 PKGC CLK GATE DISABLE,Platform
IntelSetup,0x1349,1,MC0 PKGC CLK GATE DISABLE,Platform
IntelSetup,0x134B,1,Non-Snoop Wakeup,Platform
IntelSetup,0x1351,1,PCIe PLL Shutdown En,Platform
IntelSetup,0x1352,1,Mem PLLs Shutdown En,Platform
IntelSetup,0x133B,1,Perf_P_Limit_Threshold,Platform
IntelSetup,0x133C,1,Perf_P_Limit_Clip,Platform
IntelSetup,0x133D,1,Disable_PERF_P_Input,Platform
IntelSetup,0x133E,1,RESOLUTION_MODE,Platform
IntelSetup,0x133F,1,PERF_P_LIMIT_EN,Platform
IntelSetup,0x1340,1,Perf_Plimit_Differential,Platform
IntelSetup,0x1360,1,QPI_0_IN,Platform
IntelSetup,0x1364,1,CPU0 QPI_1_IN,Platform
IntelSetup,0x1368,1,CPU0 QPI_2_IN,Platform
IntelSetup,0x136C,1,PCIE Port0 PCIE_IN,Platform
IntelSetup,0x1370,1,PCIE Port1 PCIE_IN,Platform
IntelSetup,0x1374,1,PCIE Port2 PCIE_IN,Platform
IntelSetup,0x1378,1,PCIE Port3 PCIE_IN,Platform
IntelSetup,0x137C,1,PCIE Port4 PCIE_IN,Platform
IntelSetup,0x1380,1,PCIE Port5 PCIE_IN,Platform
IntelSetup,0x1384,1,PCIE Port6 PCIE_IN,Platform
IntelSetup,0x1388,1,PCIE Port7 PCIE_IN,Platform
IntelSetup,0x138C,1,PCIE Port8 PCIE_IN,Platform
IntelSetup,0x1390,1,PCIE Port9 PCIE_IN,Platform
IntelSetup,0x1394,1,PCIE Port10 PCIE_IN,Platform
IntelSetup,0x1361,1,QPI_0_IN,Platform
IntelSetup,0x1365,1,CPU1 QPI_1_IN,Platform
IntelSetup,0x1369,1,CPU1 QPI_2_IN,Platform
IntelSetup,0x136D,1,PCIE Port0 PCIE_IN,Platform
IntelSetup,0x1371,1,PCIE Port1 PCIE_IN,Platform
IntelSetup,0x1375,1,PCIE Port2 PCIE_IN,Platform
IntelSetup,0x1379,1,PCIE Port3 PCIE_IN,Platform
IntelSetup,0x137D,1,PCIE Port4 PCIE_IN,Platform
IntelSetup,0x1381,1,PCIE Port5 PCIE_IN,Platform
IntelSetup,0x1385,1,PCIE Port6 PCIE_IN,Platform
IntelSetup,0x1389,1,PCIE Port7 PCIE_IN,Platform
IntelSetup,0x138D,1,PCIE Port8 PCIE_IN,Platform
IntelSetup,0x1391,1,PCIE Port9 PCIE_IN,Platform
IntelSetup,0x1395,1,PCIE Port10 PCIE_IN,Platform
IntelSetup,0x1362,1,QPI_0_IN,Platform
IntelSetup,0x1366,1,CPU2 QPI_1_IN,Platform
IntelSetup,0x136A,1,CPU2 QPI_2_IN,Platform
IntelSetup,0x136E,1,PCIE Port0 PCIE_IN,Platform
IntelSetup,0x1372,1,PCIE Port1 PCIE_IN,Platform
IntelSetup,0x1376,1,PCIE Port2 PCIE_IN,Platform
IntelSetup,0x137A,1,PCIE Port3 PCIE_IN,Platform
IntelSetup,0x137E,1,PCIE Port4 PCIE_IN,Platform
IntelSetup,0x1382,1,PCIE Port5 PCIE_IN,Platform
IntelSetup,0x1386,1,PCIE Port6 PCIE_IN,Platform
IntelSetup,0x138A,1,PCIE Port7 PCIE_IN,Platform
IntelSetup,0x138E,1,PCIE Port8 PCIE_IN,Platform
IntelSetup,0x1392,1,PCIE Port9 PCIE_IN,Platform
IntelSetup,0x1396,1,PCIE Port10 PCIE_IN,Platform
IntelSetup,0x1363,1,QPI_0_IN,Platform
IntelSetup,0x1367,1,CPU3 QPI_1_IN,Platform
IntelSetup,0x136B,1,CPU3 QPI_2_IN,Platform
IntelSetup,0x136F,1,PCIE Port0 PCIE_IN,Platform
IntelSetup,0x1373,1,PCIE Port1 PCIE_IN,Platform
IntelSetup,0x1377,1,PCIE Port2 PCIE_IN,Platform
IntelSetup,0x137B,1,PCIE Port3 PCIE_IN,Platform
IntelSetup,0x137F,1,PCIE Port4 PCIE_IN,Platform
IntelSetup,0x1383,1,PCIE Port5 PCIE_IN,Platform
IntelSetup,0x1387,1,PCIE Port6 PCIE_IN,Platform
IntelSetup,0x138B,1,PCIE Port7 PCIE_IN,Platform
IntelSetup,0x138F,1,PCIE Port8 PCIE_IN,Platform
IntelSetup,0x1393,1,PCIE Port9 PCIE_IN,Platform
IntelSetup,0x1397,1,PCIE Port10 PCIE_IN,Platform
IntelSetup,0x1299,1,DRAM RAPL Baseline,Platform
IntelSetup,0x129A,1,Override BW_LIMIT_TF,Platform
IntelSetup,0x129C,1,DRAM RAPL Extended Range,Platform
IntelSetup,0x13C0,1,FAST_RAPL_NSTRIKE_PL2_DUTY_CYCLE,Platform
IntelSetup,0x13BF,1,Turbo Pwr Limit Lock,Platform
IntelSetup,0x13B7,1,Long Pwr Limit Ovrd,Platform
IntelSetup,0x13B5,2,Long Dur Pwr Limit,Platform
IntelSetup,0x13B8,2,Long Dur Time Window,Platform
IntelSetup,0x13BA,1,Pkg Clmp Lim1,Platform
IntelSetup,0x13BB,1,Short Dur Pwr Limit En,Platform
IntelSetup,0x13BC,2,Short Dur Pwr Limit,Platform
IntelSetup,0x13BE,1,Pkg Clmp Lim2,Platform
IntelSetup,0x2F1,1,Intel Ref.code setup hide,Platform
IntelSetup,0x2F3,1,Intel Ref.code setup hide,Platform
IntelSetup,0x2F4,1,Intel Ref.code setup hide,Platform
IntelSetup,0x2F5,1,Intel Ref.code setup hide,Platform
IntelSetup,0x2F6,1,Intel Ref.code setup hide,Platform
IntelSetup,0x2F7,1,Intel Ref.code setup hide,Platform
IntelSetup,0x2F8,1,Intel Ref.code setup hide,Platform
IntelSetup,0x2F9,1,Intel Ref.code setup hide,Platform
IntelSetup,0x2FA,1,Intel Ref.code setup hide,Platform
IntelSetup,0x2FB,1,Intel Ref.code setup hide,Platform
IntelSetup,0x2FC,1,Intel Ref.code setup hide,Platform
IntelSetup,0x2FD,1,Intel Ref.code setup hide,Platform
IntelSetup,0x2FE,1,Intel Ref.code setup hide,Platform
IntelSetup,0x2FF,1,Intel Ref.code setup hide,Platform
IntelSetup,0x300,1,Intel Ref.code setup hide,Platform
IntelSetup,0x301,1,Intel Ref.code setup hide,Platform
IntelSetup,0x302,1,Intel Ref.code setup hide,Platform
IntelSetup,0x303,1,Intel Ref.code setup hide,Platform
IntelSetup,0x304,1,Intel Ref.code setup hide,Platform
IntelSetup,0x305,1,Intel Ref.code setup hide,Platform
IntelSetup,0x306,1,Intel Ref.code setup hide,Platform
IntelSetup,0x307,1,Intel Ref.code setup hide,Platform
IntelSetup,0x308,1,Intel Ref.code setup hide,Platform
IntelSetup,0x309,1,Intel Ref.code setup hide,Platform
IntelSetup,0x30A,1,Intel Ref.code setup hide,Platform
IntelSetup,0x30B,1,Intel Ref.code setup hide,Platform
IntelSetup,0x30C,1,Intel Ref.code setup hide,Platform
IntelSetup,0x30D,1,Intel Ref.code setup hide,Platform
IntelSetup,0x30E,1,Intel Ref.code setup hide,Platform
IntelSetup,0x30F,1,Intel Ref.code setup hide,Platform
IntelSetup,0x310,1,Intel Ref.code setup hide,Platform
IntelSetup,0x311,1,Intel Ref.code setup hide,Platform
IntelSetup,0x312,1,Intel Ref.code setup hide,Platform
IntelSetup,0x313,1,Intel Ref.code setup hide,Platform
IntelSetup,0x314,1,Intel Ref.code setup hide,Platform
IntelSetup,0x315,1,Intel Ref.code setup hide,Platform
IntelSetup,0x316,1,Intel Ref.code setup hide,Platform
IntelSetup,0x317,1,Intel Ref.code setup hide,Platform
IntelSetup,0x318,1,Intel Ref.code setup hide,Platform
IntelSetup,0x319,1,Intel Ref.code setup hide,Platform
IntelSetup,0x31A,1,Intel Ref.code setup hide,Platform
IntelSetup,0x31B,1,Intel Ref.code setup hide,Platform
IntelSetup,0x31C,1,Intel Ref.code setup hide,Platform
IntelSetup,0x31D,1,Intel Ref.code setup hide,Platform
IntelSetup,0x31E,1,Intel Ref.code setup hide,Platform
IntelSetup,0x31F,2,Intel Ref.code setup hide,Platform
IntelSetup,0x321,2,Intel Ref.code setup hide,Platform
IntelSetup,0x323,2,Intel Ref.code setup hide,Platform
IntelSetup,0x325,2,Intel Ref.code setup hide,Platform
IntelSetup,0x327,2,Intel Ref.code setup hide,Platform
IntelSetup,0x329,2,Intel Ref.code setup hide,Platform
IntelSetup,0x32B,2,Intel Ref.code setup hide,Platform
IntelSetup,0x32D,2,Intel Ref.code setup hide,Platform
IntelSetup,0x32F,2,Intel Ref.code setup hide,Platform
IntelSetup,0x331,2,Intel Ref.code setup hide,Platform
IntelSetup,0x333,2,Intel Ref.code setup hide,Platform
IntelSetup,0x335,2,Intel Ref.code setup hide,Platform
IntelSetup,0x337,2,Intel Ref.code setup hide,Platform
IntelSetup,0x339,2,Intel Ref.code setup hide,Platform
IntelSetup,0x33B,2,Intel Ref.code setup hide,Platform
IntelSetup,0x33D,2,Intel Ref.code setup hide,Platform
IntelSetup,0x33F,2,Intel Ref.code setup hide,Platform
IntelSetup,0x341,2,Intel Ref.code setup hide,Platform
IntelSetup,0x343,2,Intel Ref.code setup hide,Platform
IntelSetup,0x345,2,Intel Ref.code setup hide,Platform
IntelSetup,0x347,2,Intel Ref.code setup hide,Platform
IntelSetup,0x349,2,Intel Ref.code setup hide,Platform
IntelSetup,0x34B,2,Intel Ref.code setup hide,Platform
IntelSetup,0x34D,2,Intel Ref.code setup hide,Platform
IntelSetup,0x34F,2,Intel Ref.code setup hide,Platform
IntelSetup,0x351,2,Intel Ref.code setup hide,Platform
IntelSetup,0x353,2,Intel Ref.code setup hide,Platform
IntelSetup,0x355,2,Intel Ref.code setup hide,Platform
IntelSetup,0x357,2,Intel Ref.code setup hide,Platform
IntelSetup,0x359,2,Intel Ref.code setup hide,Platform
IntelSetup,0x35B,2,Intel Ref.code setup hide,Platform
IntelSetup,0x35D,2,Intel Ref.code setup hide,Platform
IntelSetup,0x35F,2,Intel Ref.code setup hide,Platform
IntelSetup,0x361,2,Intel Ref.code setup hide,Platform
IntelSetup,0x363,2,Intel Ref.code setup hide,Platform
IntelSetup,0x365,2,Intel Ref.code setup hide,Platform
IntelSetup,0x367,2,Intel Ref.code setup hide,Platform
IntelSetup,0x369,2,Intel Ref.code setup hide,Platform
IntelSetup,0x36B,2,Intel Ref.code setup hide,Platform
IntelSetup,0x36D,2,Intel Ref.code setup hide,Platform
IntelSetup,0x36F,2,Intel Ref.code setup hide,Platform
IntelSetup,0x371,2,Intel Ref.code setup hide,Platform
IntelSetup,0x373,2,Intel Ref.code setup hide,Platform
IntelSetup,0x375,2,Intel Ref.code setup hide,Platform
IntelSetup,0x377,1,Intel Ref.code setup hide,Platform
IntelSetup,0x378,1,Intel Ref.code setup hide,Platform
IntelSetup,0x379,1,Intel Ref.code setup hide,Platform
IntelSetup,0x37A,1,Intel Ref.code setup hide,Platform
IntelSetup,0x37B,1,Intel Ref.code setup hide,Platform
IntelSetup,0x37C,1,Intel Ref.code setup hide,Platform
IntelSetup,0x37D,1,Intel Ref.code setup hide,Platform
IntelSetup,0x37E,1,Intel Ref.code setup hide,Platform
IntelSetup,0x37F,1,Intel Ref.code setup hide,Platform
IntelSetup,0x380,1,Intel Ref.code setup hide,Platform
IntelSetup,0x381,1,Intel Ref.code setup hide,Platform
IntelSetup,0x382,1,Intel Ref.code setup hide,Platform
IntelSetup,0x383,1,Intel Ref.code setup hide,Platform
IntelSetup,0x384,1,Intel Ref.code setup hide,Platform
IntelSetup,0x385,1,Intel Ref.code setup hide,Platform
IntelSetup,0x386,1,Intel Ref.code setup hide,Platform
IntelSetup,0x387,1,Intel Ref.code setup hide,Platform
IntelSetup,0x388,1,Intel Ref.code setup hide,Platform
IntelSetup,0x389,1,Intel Ref.code setup hide,Platform
IntelSetup,0x38A,1,Intel Ref.code setup hide,Platform
IntelSetup,0x38B,1,Intel Ref.code setup hide,Platform
IntelSetup,0x38C,1,Intel Ref.code setup hide,Platform
IntelSetup,0x38D,1,Intel Ref.code setup hide,Platform
IntelSetup,0x38E,1,Intel Ref.code setup hide,Platform
IntelSetup,0x38F,1,Intel Ref.code setup hide,Platform
IntelSetup,0x390,1,Intel Ref.code setup hide,Platform
IntelSetup,0x391,1,Intel Ref.code setup hide,Platform
IntelSetup,0x392,1,Intel Ref.code setup hide,Platform
IntelSetup,0x393,1,Intel Ref.code setup hide,Platform
IntelSetup,0x394,1,Intel Ref.code setup hide,Platform
IntelSetup,0x395,1,Intel Ref.code setup hide,Platform
IntelSetup,0x396,1,Intel Ref.code setup hide,Platform
IntelSetup,0x397,1,Intel Ref.code setup hide,Platform
IntelSetup,0x398,1,Intel Ref.code setup hide,Platform
IntelSetup,0x399,1,Intel Ref.code setup hide,Platform
IntelSetup,0x39A,1,Intel Ref.code setup hide,Platform
IntelSetup,0x39B,1,Intel Ref.code setup hide,Platform
IntelSetup,0x39C,1,Intel Ref.code setup hide,Platform
IntelSetup,0x39D,1,Intel Ref.code setup hide,Platform
IntelSetup,0x39E,1,Intel Ref.code setup hide,Platform
IntelSetup,0x39F,1,Intel Ref.code setup hide,Platform
IntelSetup,0x3A0,1,Intel Ref.code setup hide,Platform
IntelSetup,0x3A1,1,Intel Ref.code setup hide,Platform
IntelSetup,0x3A2,1,Intel Ref.code setup hide,Platform
IntelSetup,0x3FB,1,Intel Ref.code setup hide,Platform
IntelSetup,0x3FC,1,Intel Ref.code setup hide,Platform
IntelSetup,0x3FD,1,Intel Ref.code setup hide,Platform
IntelSetup,0x3FE,1,Intel Ref.code setup hide,Platform
IntelSetup,0x3FF,1,Intel Ref.code setup hide,Platform
IntelSetup,0x400,1,Intel Ref.code setup hide,Platform
IntelSetup,0x401,1,Intel Ref.code setup hide,Platform
IntelSetup,0x402,1,Intel Ref.code setup hide,Platform
IntelSetup,0x403,1,Intel Ref.code setup hide,Platform
IntelSetup,0x404,1,Intel Ref.code setup hide,Platform
IntelSetup,0x405,1,Intel Ref.code setup hide,Platform
IntelSetup,0x406,1,Intel Ref.code setup hide,Platform
IntelSetup,0x407,1,Intel Ref.code setup hide,Platform
IntelSetup,0x408,1,Intel Ref.code setup hide,Platform
IntelSetup,0x409,1,Intel Ref.code setup hide,Platform
IntelSetup,0x40A,1,Intel Ref.code setup hide,Platform
IntelSetup,0x40B,1,Intel Ref.code setup hide,Platform
IntelSetup,0x40C,1,Intel Ref.code setup hide,Platform
IntelSetup,0x40D,1,Intel Ref.code setup hide,Platform
IntelSetup,0x40E,1,Intel Ref.code setup hide,Platform
IntelSetup,0x40F,1,Intel Ref.code setup hide,Platform
IntelSetup,0x410,1,Intel Ref.code setup hide,Platform
IntelSetup,0x411,1,Intel Ref.code setup hide,Platform
IntelSetup,0x412,1,Intel Ref.code setup hide,Platform
IntelSetup,0x413,1,Intel Ref.code setup hide,Platform
IntelSetup,0x414,1,Intel Ref.code setup hide,Platform
IntelSetup,0x415,1,Intel Ref.code setup hide,Platform
IntelSetup,0x416,1,Intel Ref.code setup hide,Platform
IntelSetup,0x417,1,Intel Ref.code setup hide,Platform
IntelSetup,0x418,1,Intel Ref.code setup hide,Platform
IntelSetup,0x419,1,Intel Ref.code setup hide,Platform
IntelSetup,0x41A,1,Intel Ref.code setup hide,Platform
IntelSetup,0x41B,1,Intel Ref.code setup hide,Platform
IntelSetup,0x41C,1,Intel Ref.code setup hide,Platform
IntelSetup,0x41D,1,Intel Ref.code setup hide,Platform
IntelSetup,0x41E,1,Intel Ref.code setup hide,Platform
IntelSetup,0x41F,1,Intel Ref.code setup hide,Platform
IntelSetup,0x420,1,Intel Ref.code setup hide,Platform
IntelSetup,0x421,1,Intel Ref.code setup hide,Platform
IntelSetup,0x422,1,Intel Ref.code setup hide,Platform
IntelSetup,0x423,1,Intel Ref.code setup hide,Platform
IntelSetup,0x424,1,Intel Ref.code setup hide,Platform
IntelSetup,0x425,1,Intel Ref.code setup hide,Platform
IntelSetup,0x426,1,Intel Ref.code setup hide,Platform
IntelSetup,0x427,1,Intel Ref.code setup hide,Platform
IntelSetup,0x428,1,Intel Ref.code setup hide,Platform
IntelSetup,0x429,1,Intel Ref.code setup hide,Platform
IntelSetup,0x42A,1,Intel Ref.code setup hide,Platform
IntelSetup,0x42B,1,Intel Ref.code setup hide,Platform
IntelSetup,0x42C,1,Intel Ref.code setup hide,Platform
IntelSetup,0x42D,1,Intel Ref.code setup hide,Platform
IntelSetup,0x42E,1,Intel Ref.code setup hide,Platform
IntelSetup,0x42F,1,Intel Ref.code setup hide,Platform
IntelSetup,0x430,1,Intel Ref.code setup hide,Platform
IntelSetup,0x431,1,Intel Ref.code setup hide,Platform
IntelSetup,0x432,1,Intel Ref.code setup hide,Platform
IntelSetup,0x433,1,Intel Ref.code setup hide,Platform
IntelSetup,0x434,1,Intel Ref.code setup hide,Platform
IntelSetup,0x435,1,Intel Ref.code setup hide,Platform
IntelSetup,0x436,1,Intel Ref.code setup hide,Platform
IntelSetup,0x437,1,Intel Ref.code setup hide,Platform
IntelSetup,0x438,1,Intel Ref.code setup hide,Platform
IntelSetup,0x439,1,Intel Ref.code setup hide,Platform
IntelSetup,0x43A,1,Intel Ref.code setup hide,Platform
IntelSetup,0x43B,1,Intel Ref.code setup hide,Platform
IntelSetup,0x43C,1,Intel Ref.code setup hide,Platform
IntelSetup,0x43D,1,Intel Ref.code setup hide,Platform
IntelSetup,0x43E,1,Intel Ref.code setup hide,Platform
IntelSetup,0x43F,1,Intel Ref.code setup hide,Platform
IntelSetup,0x440,1,Intel Ref.code setup hide,Platform
IntelSetup,0x441,1,Intel Ref.code setup hide,Platform
IntelSetup,0x442,1,Intel Ref.code setup hide,Platform
IntelSetup,0x443,1,Intel Ref.code setup hide,Platform
IntelSetup,0x444,1,Intel Ref.code setup hide,Platform
IntelSetup,0x445,1,Intel Ref.code setup hide,Platform
IntelSetup,0x446,1,Intel Ref.code setup hide,Platform
IntelSetup,0x447,1,Intel Ref.code setup hide,Platform
IntelSetup,0x448,1,Intel Ref.code setup hide,Platform
IntelSetup,0x449,1,Intel Ref.code setup hide,Platform
IntelSetup,0x44A,1,Intel Ref.code setup hide,Platform
IntelSetup,0x44B,1,Intel Ref.code setup hide,Platform
IntelSetup,0x44C,1,Intel Ref.code setup hide,Platform
IntelSetup,0x44D,1,Intel Ref.code setup hide,Platform
IntelSetup,0x44E,1,Intel Ref.code setup hide,Platform
IntelSetup,0x44F,1,Intel Ref.code setup hide,Platform
IntelSetup,0x450,1,Intel Ref.code setup hide,Platform
IntelSetup,0x451,1,Intel Ref.code setup hide,Platform
IntelSetup,0x452,1,Intel Ref.code setup hide,Platform
IntelSetup,0x453,1,Intel Ref.code setup hide,Platform
IntelSetup,0x454,1,Intel Ref.code setup hide,Platform
IntelSetup,0x455,1,Intel Ref.code setup hide,Platform
IntelSetup,0x456,1,Intel Ref.code setup hide,Platform
IntelSetup,0x457,1,Intel Ref.code setup hide,Platform
IntelSetup,0x458,1,Intel Ref.code setup hide,Platform
IntelSetup,0x459,1,Intel Ref.code setup hide,Platform
IntelSetup,0x45A,1,Intel Ref.code setup hide,Platform
IntelSetup,0x45B,1,Intel Ref.code setup hide,Platform
IntelSetup,0x45C,1,Intel Ref.code setup hide,Platform
IntelSetup,0x45D,1,Intel Ref.code setup hide,Platform
IntelSetup,0x45E,1,Intel Ref.code setup hide,Platform
IntelSetup,0x45F,1,Intel Ref.code setup hide,Platform
IntelSetup,0x460,1,Intel Ref.code setup hide,Platform
IntelSetup,0x461,1,Intel Ref.code setup hide,Platform
IntelSetup,0x462,1,Intel Ref.code setup hide,Platform
IntelSetup,0x463,1,Intel Ref.code setup hide,Platform
IntelSetup,0x464,1,Intel Ref.code setup hide,Platform
IntelSetup,0x465,1,Intel Ref.code setup hide,Platform
IntelSetup,0x466,1,Intel Ref.code setup hide,Platform
IntelSetup,0x467,1,Intel Ref.code setup hide,Platform
IntelSetup,0x468,1,Intel Ref.code setup hide,Platform
IntelSetup,0x469,1,Intel Ref.code setup hide,Platform
IntelSetup,0x46A,1,Intel Ref.code setup hide,Platform
IntelSetup,0x46B,1,Intel Ref.code setup hide,Platform
IntelSetup,0x46C,1,Intel Ref.code setup hide,Platform
IntelSetup,0x46D,1,Intel Ref.code setup hide,Platform
IntelSetup,0x46E,1,Intel Ref.code setup hide,Platform
IntelSetup,0x46F,1,Intel Ref.code setup hide,Platform
IntelSetup,0x470,1,Intel Ref.code setup hide,Platform
IntelSetup,0x471,1,Intel Ref.code setup hide,Platform
IntelSetup,0x472,1,Intel Ref.code setup hide,Platform
IntelSetup,0x473,1,Intel Ref.code setup hide,Platform
IntelSetup,0x474,1,Intel Ref.code setup hide,Platform
IntelSetup,0x475,1,Intel Ref.code setup hide,Platform
IntelSetup,0x476,1,Intel Ref.code setup hide,Platform
IntelSetup,0x477,1,Intel Ref.code setup hide,Platform
IntelSetup,0x478,1,Intel Ref.code setup hide,Platform
IntelSetup,0x479,1,Intel Ref.code setup hide,Platform
IntelSetup,0x47A,1,Intel Ref.code setup hide,Platform
IntelSetup,0x47B,1,Intel Ref.code setup hide,Platform
IntelSetup,0x47C,1,Intel Ref.code setup hide,Platform
IntelSetup,0x47D,1,Intel Ref.code setup hide,Platform
IntelSetup,0x47E,1,Intel Ref.code setup hide,Platform
IntelSetup,0x47F,1,Intel Ref.code setup hide,Platform
IntelSetup,0x480,1,Intel Ref.code setup hide,Platform
IntelSetup,0x481,1,Intel Ref.code setup hide,Platform
IntelSetup,0x482,1,Intel Ref.code setup hide,Platform
IntelSetup,0x483,1,Intel Ref.code setup hide,Platform
IntelSetup,0x484,1,Intel Ref.code setup hide,Platform
IntelSetup,0x485,1,Intel Ref.code setup hide,Platform
IntelSetup,0x486,1,Intel Ref.code setup hide,Platform
IntelSetup,0x487,1,Intel Ref.code setup hide,Platform
IntelSetup,0x488,1,Intel Ref.code setup hide,Platform
IntelSetup,0x489,1,Intel Ref.code setup hide,Platform
IntelSetup,0x48A,1,Intel Ref.code setup hide,Platform
IntelSetup,0x48B,1,Intel Ref.code setup hide,Platform
IntelSetup,0x48C,1,Intel Ref.code setup hide,Platform
IntelSetup,0x48D,1,Intel Ref.code setup hide,Platform
IntelSetup,0x48E,1,Intel Ref.code setup hide,Platform
IntelSetup,0x48F,1,Intel Ref.code setup hide,Platform
IntelSetup,0x490,1,Intel Ref.code setup hide,Platform
IntelSetup,0x491,1,Intel Ref.code setup hide,Platform
IntelSetup,0x492,1,Intel Ref.code setup hide,Platform
IntelSetup,0x493,1,Intel Ref.code setup hide,Platform
IntelSetup,0x494,1,Intel Ref.code setup hide,Platform
IntelSetup,0x495,1,Intel Ref.code setup hide,Platform
IntelSetup,0x496,1,Intel Ref.code setup hide,Platform
IntelSetup,0x497,1,Intel Ref.code setup hide,Platform
IntelSetup,0x498,1,Intel Ref.code setup hide,Platform
IntelSetup,0x499,1,Intel Ref.code setup hide,Platform
IntelSetup,0x49A,1,Intel Ref.code setup hide,Platform
IntelSetup,0x49B,1,Intel Ref.code setup hide,Platform
IntelSetup,0x49C,1,Intel Ref.code setup hide,Platform
IntelSetup,0x49D,1,Intel Ref.code setup hide,Platform
IntelSetup,0x49E,1,Intel Ref.code setup hide,Platform
IntelSetup,0x49F,1,Intel Ref.code setup hide,Platform
IntelSetup,0x4A0,1,Intel Ref.code setup hide,Platform
IntelSetup,0x4A1,1,Intel Ref.code setup hide,Platform
IntelSetup,0x4A2,1,Intel Ref.code setup hide,Platform
IntelSetup,0x4A3,1,Intel Ref.code setup hide,Platform
IntelSetup,0x4A4,1,Intel Ref.code setup hide,Platform
IntelSetup,0x4A5,1,Intel Ref.code setup hide,Platform
IntelSetup,0x4A6,1,Intel Ref.code setup hide,Platform
IntelSetup,0x4A7,1,Intel Ref.code setup hide,Platform
IntelSetup,0x4A8,1,Intel Ref.code setup hide,Platform
IntelSetup,0x4A9,1,Intel Ref.code setup hide,Platform
IntelSetup,0x4AA,1,Intel Ref.code setup hide,Platform
IntelSetup,0x4AB,1,Intel Ref.code setup hide,Platform
IntelSetup,0x4AC,1,Intel Ref.code setup hide,Platform
IntelSetup,0x4AD,1,Intel Ref.code setup hide,Platform
IntelSetup,0x4AE,1,Intel Ref.code setup hide,Platform
IntelSetup,0x4AF,1,Intel Ref.code setup hide,Platform
IntelSetup,0x4B0,1,Intel Ref.code setup hide,Platform
IntelSetup,0x4B1,1,Intel Ref.code setup hide,Platform
IntelSetup,0x4B2,1,Intel Ref.code setup hide,Platform
IntelSetup,0x4B3,1,Intel Ref.code setup hide,Platform
IntelSetup,0x4B4,1,Intel Ref.code setup hide,Platform
IntelSetup,0x4B5,1,Intel Ref.code setup hide,Platform
IntelSetup,0x4B6,1,Intel Ref.code setup hide,Platform
IntelSetup,0x4B7,1,Intel Ref.code setup hide,Platform
IntelSetup,0x4B8,1,Intel Ref.code setup hide,Platform
IntelSetup,0x4B9,1,Intel Ref.code setup hide,Platform
IntelSetup,0x4BA,1,Intel Ref.code setup hide,Platform
IntelSetup,0x4BB,1,Intel Ref.code setup hide,Platform
IntelSetup,0x4BC,1,Intel Ref.code setup hide,Platform
IntelSetup,0x4BD,1,Intel Ref.code setup hide,Platform
IntelSetup,0x4BE,1,Intel Ref.code setup hide,Platform
IntelSetup,0x4BF,1,Intel Ref.code setup hide,Platform
IntelSetup,0x4C0,1,Intel Ref.code setup hide,Platform
IntelSetup,0x4C1,1,Intel Ref.code setup hide,Platform
IntelSetup,0x4C2,1,Intel Ref.code setup hide,Platform
IntelSetup,0x4C3,1,Intel Ref.code setup hide,Platform
IntelSetup,0x4C4,1,Intel Ref.code setup hide,Platform
IntelSetup,0x4C5,1,Intel Ref.code setup hide,Platform
IntelSetup,0x4C6,1,Intel Ref.code setup hide,Platform
IntelSetup,0x4C7,1,Intel Ref.code setup hide,Platform
IntelSetup,0x4C8,1,Intel Ref.code setup hide,Platform
IntelSetup,0x4C9,1,Intel Ref.code setup hide,Platform
IntelSetup,0x4CA,1,Intel Ref.code setup hide,Platform
IntelSetup,0x4CB,1,Intel Ref.code setup hide,Platform
IntelSetup,0x4CC,1,Intel Ref.code setup hide,Platform
IntelSetup,0x4CD,1,Intel Ref.code setup hide,Platform
IntelSetup,0x4CE,1,Intel Ref.code setup hide,Platform
IntelSetup,0x4CF,1,Intel Ref.code setup hide,Platform
IntelSetup,0x4D0,1,Intel Ref.code setup hide,Platform
IntelSetup,0x4D1,1,Intel Ref.code setup hide,Platform
IntelSetup,0x4D2,1,Intel Ref.code setup hide,Platform
IntelSetup,0x4D3,1,Intel Ref.code setup hide,Platform
IntelSetup,0x4D4,1,Intel Ref.code setup hide,Platform
IntelSetup,0x4D5,1,Intel Ref.code setup hide,Platform
IntelSetup,0x4D6,1,Intel Ref.code setup hide,Platform
IntelSetup,0x4D7,1,Intel Ref.code setup hide,Platform
IntelSetup,0x4D8,1,Intel Ref.code setup hide,Platform
IntelSetup,0x4D9,1,Intel Ref.code setup hide,Platform
IntelSetup,0x4DA,1,Intel Ref.code setup hide,Platform
IntelSetup,0x4DB,1,Intel Ref.code setup hide,Platform
IntelSetup,0x4DC,1,Intel Ref.code setup hide,Platform
IntelSetup,0x4DD,1,Intel Ref.code setup hide,Platform
IntelSetup,0x4DE,1,Intel Ref.code setup hide,Platform
IntelSetup,0x4DF,1,Intel Ref.code setup hide,Platform
IntelSetup,0x4E0,1,Intel Ref.code setup hide,Platform
IntelSetup,0x4E1,1,Intel Ref.code setup hide,Platform
IntelSetup,0x4E2,1,Intel Ref.code setup hide,Platform
IntelSetup,0x4E3,1,Intel Ref.code setup hide,Platform
IntelSetup,0x4E4,1,Intel Ref.code setup hide,Platform
IntelSetup,0x4E5,1,Intel Ref.code setup hide,Platform
IntelSetup,0x4E6,1,Intel Ref.code setup hide,Platform
IntelSetup,0x4E7,1,Intel Ref.code setup hide,Platform
IntelSetup,0x4E8,1,Intel Ref.code setup hide,Platform
IntelSetup,0x4E9,1,Intel Ref.code setup hide,Platform
IntelSetup,0x4EA,1,Intel Ref.code setup hide,Platform
IntelSetup,0x4EB,1,Intel Ref.code setup hide,Platform
IntelSetup,0x4EC,1,Intel Ref.code setup hide,Platform
IntelSetup,0x4ED,1,Intel Ref.code setup hide,Platform
IntelSetup,0x4EE,1,Intel Ref.code setup hide,Platform
IntelSetup,0x4EF,1,Intel Ref.code setup hide,Platform
IntelSetup,0x4F0,1,Intel Ref.code setup hide,Platform
IntelSetup,0x4F1,1,Intel Ref.code setup hide,Platform
IntelSetup,0x4F2,1,Intel Ref.code setup hide,Platform
IntelSetup,0x4F3,1,Intel Ref.code setup hide,Platform
IntelSetup,0x4F4,1,Intel Ref.code setup hide,Platform
IntelSetup,0x4F5,1,Intel Ref.code setup hide,Platform
IntelSetup,0x4F6,1,Intel Ref.code setup hide,Platform
IntelSetup,0x4F7,1,Intel Ref.code setup hide,Platform
IntelSetup,0x4F8,1,Intel Ref.code setup hide,Platform
IntelSetup,0x4F9,1,Intel Ref.code setup hide,Platform
IntelSetup,0x4FA,1,Intel Ref.code setup hide,Platform
IntelSetup,0x4FB,1,Intel Ref.code setup hide,Platform
IntelSetup,0x4FC,1,Intel Ref.code setup hide,Platform
IntelSetup,0x4FD,1,Intel Ref.code setup hide,Platform
IntelSetup,0x4FE,1,Intel Ref.code setup hide,Platform
IntelSetup,0x4FF,1,Intel Ref.code setup hide,Platform
IntelSetup,0x500,1,Intel Ref.code setup hide,Platform
IntelSetup,0x501,1,Intel Ref.code setup hide,Platform
IntelSetup,0x502,1,Intel Ref.code setup hide,Platform
IntelSetup,0x503,1,Intel Ref.code setup hide,Platform
IntelSetup,0x504,1,Intel Ref.code setup hide,Platform
IntelSetup,0x505,1,Intel Ref.code setup hide,Platform
IntelSetup,0x506,1,Intel Ref.code setup hide,Platform
IntelSetup,0x507,1,Intel Ref.code setup hide,Platform
IntelSetup,0x508,1,Intel Ref.code setup hide,Platform
IntelSetup,0x509,1,Intel Ref.code setup hide,Platform
IntelSetup,0x50A,1,Intel Ref.code setup hide,Platform
IntelSetup,0x50B,1,Intel Ref.code setup hide,Platform
IntelSetup,0x50C,1,Intel Ref.code setup hide,Platform
IntelSetup,0x50D,1,Intel Ref.code setup hide,Platform
IntelSetup,0x50E,1,Intel Ref.code setup hide,Platform
IntelSetup,0x50F,1,Intel Ref.code setup hide,Platform
IntelSetup,0x510,1,Intel Ref.code setup hide,Platform
IntelSetup,0x511,1,Intel Ref.code setup hide,Platform
IntelSetup,0x512,1,Intel Ref.code setup hide,Platform
IntelSetup,0x513,1,Intel Ref.code setup hide,Platform
IntelSetup,0x514,1,Intel Ref.code setup hide,Platform
IntelSetup,0x515,1,Intel Ref.code setup hide,Platform
IntelSetup,0x516,1,Intel Ref.code setup hide,Platform
IntelSetup,0x517,1,Intel Ref.code setup hide,Platform
IntelSetup,0x518,1,Intel Ref.code setup hide,Platform
IntelSetup,0x519,1,Intel Ref.code setup hide,Platform
IntelSetup,0x51A,1,Intel Ref.code setup hide,Platform
IntelSetup,0x51B,1,Intel Ref.code setup hide,Platform
IntelSetup,0x51C,1,Intel Ref.code setup hide,Platform
IntelSetup,0x51D,1,Intel Ref.code setup hide,Platform
IntelSetup,0x51E,1,Intel Ref.code setup hide,Platform
IntelSetup,0x51F,1,Intel Ref.code setup hide,Platform
IntelSetup,0x520,1,Intel Ref.code setup hide,Platform
IntelSetup,0x521,1,Intel Ref.code setup hide,Platform
IntelSetup,0x522,1,Intel Ref.code setup hide,Platform
IntelSetup,0x523,1,Intel Ref.code setup hide,Platform
IntelSetup,0x524,1,Intel Ref.code setup hide,Platform
IntelSetup,0x525,1,Intel Ref.code setup hide,Platform
IntelSetup,0x526,1,Intel Ref.code setup hide,Platform
IntelSetup,0x527,1,Intel Ref.code setup hide,Platform
IntelSetup,0x528,1,Intel Ref.code setup hide,Platform
IntelSetup,0x529,1,Intel Ref.code setup hide,Platform
IntelSetup,0x52A,1,Intel Ref.code setup hide,Platform
IntelSetup,0x52B,1,Intel Ref.code setup hide,Platform
IntelSetup,0x52C,1,Intel Ref.code setup hide,Platform
IntelSetup,0x52D,1,Intel Ref.code setup hide,Platform
IntelSetup,0x52E,1,Intel Ref.code setup hide,Platform
IntelSetup,0x54C,1,Intel Ref.code setup hide,Platform
IntelSetup,0x655,1,Intel Ref.code setup hide,Platform
IntelSetup,0x656,1,Intel Ref.code setup hide,Platform
IntelSetup,0x657,1,Intel Ref.code setup hide,Platform
IntelSetup,0x658,1,Intel Ref.code setup hide,Platform
IntelSetup,0x659,1,Intel Ref.code setup hide,Platform
IntelSetup,0x65A,1,Intel Ref.code setup hide,Platform
IntelSetup,0x65B,1,Intel Ref.code setup hide,Platform
IntelSetup,0x65C,1,Intel Ref.code setup hide,Platform
IntelSetup,0x65D,1,Intel Ref.code setup hide,Platform
IntelSetup,0x65E,1,Intel Ref.code setup hide,Platform
IntelSetup,0x65F,1,Intel Ref.code setup hide,Platform
IntelSetup,0x660,1,Intel Ref.code setup hide,Platform
IntelSetup,0x661,1,Intel Ref.code setup hide,Platform
IntelSetup,0x662,1,Intel Ref.code setup hide,Platform
IntelSetup,0x663,1,Intel Ref.code setup hide,Platform
IntelSetup,0x664,1,Intel Ref.code setup hide,Platform
IntelSetup,0x665,1,Intel Ref.code setup hide,Platform
IntelSetup,0x666,1,Intel Ref.code setup hide,Platform
IntelSetup,0x667,1,Intel Ref.code setup hide,Platform
IntelSetup,0x668,1,Intel Ref.code setup hide,Platform
IntelSetup,0x669,1,Intel Ref.code setup hide,Platform
IntelSetup,0x66A,1,Intel Ref.code setup hide,Platform
IntelSetup,0x66B,1,Intel Ref.code setup hide,Platform
IntelSetup,0x66C,1,Intel Ref.code setup hide,Platform
IntelSetup,0x66D,1,Intel Ref.code setup hide,Platform
IntelSetup,0x66E,1,Intel Ref.code setup hide,Platform
IntelSetup,0x66F,1,Intel Ref.code setup hide,Platform
IntelSetup,0x670,1,Intel Ref.code setup hide,Platform
IntelSetup,0x671,1,Intel Ref.code setup hide,Platform
IntelSetup,0x672,1,Intel Ref.code setup hide,Platform
IntelSetup,0x673,1,Intel Ref.code setup hide,Platform
IntelSetup,0x674,1,Intel Ref.code setup hide,Platform
IntelSetup,0x675,1,Intel Ref.code setup hide,Platform
IntelSetup,0x676,1,Intel Ref.code setup hide,Platform
IntelSetup,0x677,1,Intel Ref.code setup hide,Platform
IntelSetup,0x678,1,Intel Ref.code setup hide,Platform
IntelSetup,0x679,1,Intel Ref.code setup hide,Platform
IntelSetup,0x67A,1,Intel Ref.code setup hide,Platform
IntelSetup,0x67B,1,Intel Ref.code setup hide,Platform
IntelSetup,0x67C,1,Intel Ref.code setup hide,Platform
IntelSetup,0x67D,1,Intel Ref.code setup hide,Platform
IntelSetup,0x67E,1,Intel Ref.code setup hide,Platform
IntelSetup,0x67F,1,Intel Ref.code setup hide,Platform
IntelSetup,0x680,1,Intel Ref.code setup hide,Platform
IntelSetup,0x789,1,Intel Ref.code setup hide,Platform
IntelSetup,0x78A,1,Intel Ref.code setup hide,Platform
IntelSetup,0x78B,1,Intel Ref.code setup hide,Platform
IntelSetup,0x78C,1,Intel Ref.code setup hide,Platform
IntelSetup,0x78D,1,Intel Ref.code setup hide,Platform
IntelSetup,0x78E,1,Intel Ref.code setup hide,Platform
IntelSetup,0x78F,1,Intel Ref.code setup hide,Platform
IntelSetup,0x790,1,Intel Ref.code setup hide,Platform
IntelSetup,0x791,1,Intel Ref.code setup hide,Platform
IntelSetup,0x792,1,Intel Ref.code setup hide,Platform
IntelSetup,0x793,1,Intel Ref.code setup hide,Platform
IntelSetup,0x794,1,Intel Ref.code setup hide,Platform
IntelSetup,0x795,1,Intel Ref.code setup hide,Platform
IntelSetup,0x796,1,Intel Ref.code setup hide,Platform
IntelSetup,0x797,1,Intel Ref.code setup hide,Platform
IntelSetup,0x798,1,Intel Ref.code setup hide,Platform
IntelSetup,0x799,1,Intel Ref.code setup hide,Platform
IntelSetup,0x79A,1,Intel Ref.code setup hide,Platform
IntelSetup,0x79B,1,Intel Ref.code setup hide,Platform
IntelSetup,0x79C,1,Intel Ref.code setup hide,Platform
IntelSetup,0x79D,1,Intel Ref.code setup hide,Platform
IntelSetup,0x79E,1,Intel Ref.code setup hide,Platform
IntelSetup,0x79F,1,Intel Ref.code setup hide,Platform
IntelSetup,0x7A0,1,Intel Ref.code setup hide,Platform
IntelSetup,0x7A1,1,Intel Ref.code setup hide,Platform
IntelSetup,0x7A2,1,Intel Ref.code setup hide,Platform
IntelSetup,0x7A3,1,Intel Ref.code setup hide,Platform
IntelSetup,0x7A4,1,Intel Ref.code setup hide,Platform
IntelSetup,0x7A5,1,Intel Ref.code setup hide,Platform
IntelSetup,0x7A6,1,Intel Ref.code setup hide,Platform
IntelSetup,0x7A7,1,Intel Ref.code setup hide,Platform
IntelSetup,0x7A8,1,Intel Ref.code setup hide,Platform
IntelSetup,0x7A9,1,Intel Ref.code setup hide,Platform
IntelSetup,0x7AA,1,Intel Ref.code setup hide,Platform
IntelSetup,0x7AB,1,Intel Ref.code setup hide,Platform
IntelSetup,0x7AC,1,Intel Ref.code setup hide,Platform
IntelSetup,0x7AD,1,Intel Ref.code setup hide,Platform
IntelSetup,0x7AE,1,Intel Ref.code setup hide,Platform
IntelSetup,0x7AF,1,Intel Ref.code setup hide,Platform
IntelSetup,0x7B0,1,Intel Ref.code setup hide,Platform
IntelSetup,0x7B1,1,Intel Ref.code setup hide,Platform
IntelSetup,0x7B2,1,Intel Ref.code setup hide,Platform
IntelSetup,0x7B3,1,Intel Ref.code setup hide,Platform
IntelSetup,0x7B4,1,Intel Ref.code setup hide,Platform
IntelSetup,0x7B5,1,Intel Ref.code setup hide,Platform
IntelSetup,0x7B6,1,Intel Ref.code setup hide,Platform
IntelSetup,0x7B7,1,Intel Ref.code setup hide,Platform
IntelSetup,0x7B8,1,Intel Ref.code setup hide,Platform
IntelSetup,0x7B9,1,Intel Ref.code setup hide,Platform
IntelSetup,0x7BA,1,Intel Ref.code setup hide,Platform
IntelSetup,0x7BB,1,Intel Ref.code setup hide,Platform
IntelSetup,0x7BC,1,Intel Ref.code setup hide,Platform
IntelSetup,0x7BD,1,Intel Ref.code setup hide,Platform
IntelSetup,0x7BE,1,Intel Ref.code setup hide,Platform
IntelSetup,0x7BF,1,Intel Ref.code setup hide,Platform
IntelSetup,0x7C0,1,Intel Ref.code setup hide,Platform
IntelSetup,0x7C1,1,Intel Ref.code setup hide,Platform
IntelSetup,0x7C2,1,Intel Ref.code setup hide,Platform
IntelSetup,0x7C3,1,Intel Ref.code setup hide,Platform
IntelSetup,0x7C4,1,Intel Ref.code setup hide,Platform
IntelSetup,0x7C5,1,Intel Ref.code setup hide,Platform
IntelSetup,0x7C6,1,Intel Ref.code setup hide,Platform
IntelSetup,0x7C7,1,Intel Ref.code setup hide,Platform
IntelSetup,0x7C8,1,Intel Ref.code setup hide,Platform
IntelSetup,0x7C9,1,Intel Ref.code setup hide,Platform
IntelSetup,0x7CA,1,Intel Ref.code setup hide,Platform
IntelSetup,0x7CB,1,Intel Ref.code setup hide,Platform
IntelSetup,0x7CC,1,Intel Ref.code setup hide,Platform
IntelSetup,0x7CD,1,Intel Ref.code setup hide,Platform
IntelSetup,0x7CE,1,Intel Ref.code setup hide,Platform
IntelSetup,0x7CF,1,Intel Ref.code setup hide,Platform
IntelSetup,0x7D0,1,Intel Ref.code setup hide,Platform
IntelSetup,0x7D1,1,Intel Ref.code setup hide,Platform
IntelSetup,0x7D2,1,Intel Ref.code setup hide,Platform
IntelSetup,0x7D3,1,Intel Ref.code setup hide,Platform
IntelSetup,0x7D4,1,Intel Ref.code setup hide,Platform
IntelSetup,0x7D5,1,Intel Ref.code setup hide,Platform
IntelSetup,0x7D6,1,Intel Ref.code setup hide,Platform
IntelSetup,0x7D7,1,Intel Ref.code setup hide,Platform
IntelSetup,0x7D8,1,Intel Ref.code setup hide,Platform
IntelSetup,0x7D9,1,Intel Ref.code setup hide,Platform
IntelSetup,0x7DA,1,Intel Ref.code setup hide,Platform
IntelSetup,0x7DB,1,Intel Ref.code setup hide,Platform
IntelSetup,0x7DC,1,Intel Ref.code setup hide,Platform
IntelSetup,0x7DD,1,Intel Ref.code setup hide,Platform
IntelSetup,0x7DE,1,Intel Ref.code setup hide,Platform
IntelSetup,0x7DF,1,Intel Ref.code setup hide,Platform
IntelSetup,0x7E0,1,Intel Ref.code setup hide,Platform
IntelSetup,0x7E1,1,Intel Ref.code setup hide,Platform
IntelSetup,0x7E2,1,Intel Ref.code setup hide,Platform
IntelSetup,0x7E3,1,Intel Ref.code setup hide,Platform
IntelSetup,0x7E4,1,Intel Ref.code setup hide,Platform
IntelSetup,0x7E5,1,Intel Ref.code setup hide,Platform
IntelSetup,0x7E6,1,Intel Ref.code setup hide,Platform
IntelSetup,0x7E7,1,Intel Ref.code setup hide,Platform
IntelSetup,0x7E8,1,Intel Ref.code setup hide,Platform
IntelSetup,0x7E9,1,Intel Ref.code setup hide,Platform
IntelSetup,0x7EA,1,Intel Ref.code setup hide,Platform
IntelSetup,0x7EB,1,Intel Ref.code setup hide,Platform
IntelSetup,0x7EC,1,Intel Ref.code setup hide,Platform
IntelSetup,0x7ED,1,Intel Ref.code setup hide,Platform
IntelSetup,0x7EE,1,Intel Ref.code setup hide,Platform
IntelSetup,0x7EF,1,Intel Ref.code setup hide,Platform
IntelSetup,0x7F0,1,Intel Ref.code setup hide,Platform
IntelSetup,0x7F1,1,Intel Ref.code setup hide,Platform
IntelSetup,0x7F2,1,Intel Ref.code setup hide,Platform
IntelSetup,0x7F3,1,Intel Ref.code setup hide,Platform
IntelSetup,0x7F4,1,Intel Ref.code setup hide,Platform
IntelSetup,0x7F5,1,Intel Ref.code setup hide,Platform
IntelSetup,0x7F6,1,Intel Ref.code setup hide,Platform
IntelSetup,0x7F7,1,Intel Ref.code setup hide,Platform
IntelSetup,0x7F8,1,Intel Ref.code setup hide,Platform
IntelSetup,0x7F9,1,Intel Ref.code setup hide,Platform
IntelSetup,0x7FA,1,Intel Ref.code setup hide,Platform
IntelSetup,0x7FB,1,Intel Ref.code setup hide,Platform
IntelSetup,0x7FC,1,Intel Ref.code setup hide,Platform
IntelSetup,0x7FD,1,Intel Ref.code setup hide,Platform
IntelSetup,0x7FE,1,Intel Ref.code setup hide,Platform
IntelSetup,0x7FF,1,Intel Ref.code setup hide,Platform
IntelSetup,0x800,1,Intel Ref.code setup hide,Platform
IntelSetup,0x801,1,Intel Ref.code setup hide,Platform
IntelSetup,0x802,1,Intel Ref.code setup hide,Platform
IntelSetup,0x803,1,Intel Ref.code setup hide,Platform
IntelSetup,0x804,1,Intel Ref.code setup hide,Platform
IntelSetup,0x805,1,Intel Ref.code setup hide,Platform
IntelSetup,0x806,1,Intel Ref.code setup hide,Platform
IntelSetup,0x807,1,Intel Ref.code setup hide,Platform
IntelSetup,0x808,1,Intel Ref.code setup hide,Platform
IntelSetup,0x809,1,Intel Ref.code setup hide,Platform
IntelSetup,0x80A,1,Intel Ref.code setup hide,Platform
IntelSetup,0x80B,1,Intel Ref.code setup hide,Platform
IntelSetup,0x80C,1,Intel Ref.code setup hide,Platform
IntelSetup,0xB3B,1,Intel Ref.code setup hide,Platform
IntelSetup,0xB52,1,Intel Ref.code setup hide,Platform
IntelSetup,0xB53,1,Intel Ref.code setup hide,Platform
IntelSetup,0xB54,1,Intel Ref.code setup hide,Platform
IntelSetup,0xB55,1,Intel Ref.code setup hide,Platform
IntelSetup,0xB56,1,Intel Ref.code setup hide,Platform
IntelSetup,0xB57,1,Intel Ref.code setup hide,Platform
IntelSetup,0xB58,1,Intel Ref.code setup hide,Platform
IntelSetup,0xB59,1,Intel Ref.code setup hide,Platform
IntelSetup,0xB5A,1,Intel Ref.code setup hide,Platform
IntelSetup,0xB5B,1,Intel Ref.code setup hide,Platform
IntelSetup,0xB5C,1,Intel Ref.code setup hide,Platform
IntelSetup,0xB5D,1,Intel Ref.code setup hide,Platform
IntelSetup,0xB5E,1,Intel Ref.code setup hide,Platform
IntelSetup,0xB5F,1,Intel Ref.code setup hide,Platform
IntelSetup,0xB60,1,Intel Ref.code setup hide,Platform
IntelSetup,0xB61,1,Intel Ref.code setup hide,Platform
IntelSetup,0xB62,1,Intel Ref.code setup hide,Platform
IntelSetup,0xB63,1,Intel Ref.code setup hide,Platform
IntelSetup,0xB64,1,Intel Ref.code setup hide,Platform
IntelSetup,0xB65,1,Intel Ref.code setup hide,Platform
IntelSetup,0xB66,1,Intel Ref.code setup hide,Platform
IntelSetup,0xB67,1,Intel Ref.code setup hide,Platform
IntelSetup,0xBAE,1,Intel Ref.code setup hide,Platform
IntelSetup,0xBE0,1,Intel Ref.code setup hide,Platform
IntelSetup,0xBE1,1,Intel Ref.code setup hide,Platform
IntelSetup,0xBE2,1,Intel Ref.code setup hide,Platform
IntelSetup,0xBE3,1,Intel Ref.code setup hide,Platform
IntelSetup,0xBE4,1,Intel Ref.code setup hide,Platform
IntelSetup,0xBE5,1,Intel Ref.code setup hide,Platform
IntelSetup,0xBE6,1,Intel Ref.code setup hide,Platform
IntelSetup,0xBE7,1,Intel Ref.code setup hide,Platform
IntelSetup,0xBE8,1,Intel Ref.code setup hide,Platform
IntelSetup,0xBE9,1,Intel Ref.code setup hide,Platform
IntelSetup,0xBEA,1,Intel Ref.code setup hide,Platform
IntelSetup,0xBEB,1,Intel Ref.code setup hide,Platform
IntelSetup,0xBEC,1,Intel Ref.code setup hide,Platform
IntelSetup,0xBED,1,Intel Ref.code setup hide,Platform
IntelSetup,0xBEE,1,Intel Ref.code setup hide,Platform
IntelSetup,0xBEF,1,Intel Ref.code setup hide,Platform
IntelSetup,0xBF0,1,Intel Ref.code setup hide,Platform
IntelSetup,0xBF1,1,Intel Ref.code setup hide,Platform
IntelSetup,0xBF2,1,Intel Ref.code setup hide,Platform
IntelSetup,0xBF3,1,Intel Ref.code setup hide,Platform
IntelSetup,0xBF4,1,Intel Ref.code setup hide,Platform
IntelSetup,0xBF5,1,Intel Ref.code setup hide,Platform
IntelSetup,0xBF6,1,Intel Ref.code setup hide,Platform
IntelSetup,0xBF7,1,Intel Ref.code setup hide,Platform
IntelSetup,0xBF8,1,Intel Ref.code setup hide,Platform
IntelSetup,0xBF9,1,Intel Ref.code setup hide,Platform
IntelSetup,0xBFA,1,Intel Ref.code setup hide,Platform
IntelSetup,0xBFB,1,Intel Ref.code setup hide,Platform
IntelSetup,0xBFC,1,Intel Ref.code setup hide,Platform
IntelSetup,0xBFD,1,Intel Ref.code setup hide,Platform
IntelSetup,0xBFE,1,Intel Ref.code setup hide,Platform
IntelSetup,0xBFF,1,Intel Ref.code setup hide,Platform
IntelSetup,0xC00,1,Intel Ref.code setup hide,Platform
IntelSetup,0xC01,1,Intel Ref.code setup hide,Platform
IntelSetup,0xC02,1,Intel Ref.code setup hide,Platform
IntelSetup,0xC03,1,Intel Ref.code setup hide,Platform
IntelSetup,0xC04,1,Intel Ref.code setup hide,Platform
IntelSetup,0xC05,1,Intel Ref.code setup hide,Platform
IntelSetup,0xC06,1,Intel Ref.code setup hide,Platform
IntelSetup,0xC07,1,Intel Ref.code setup hide,Platform
IntelSetup,0xC08,1,Intel Ref.code setup hide,Platform
IntelSetup,0xC09,1,Intel Ref.code setup hide,Platform
IntelSetup,0xC0A,1,Intel Ref.code setup hide,Platform
IntelSetup,0xC0B,1,Intel Ref.code setup hide,Platform
IntelSetup,0xC0C,1,Intel Ref.code setup hide,Platform
IntelSetup,0xC0D,1,Intel Ref.code setup hide,Platform
IntelSetup,0xC0E,1,Intel Ref.code setup hide,Platform
IntelSetup,0xC0F,1,Intel Ref.code setup hide,Platform
IntelSetup,0xC10,1,Intel Ref.code setup hide,Platform
IntelSetup,0xC11,1,Intel Ref.code setup hide,Platform
IntelSetup,0xC12,1,Intel Ref.code setup hide,Platform
IntelSetup,0xC13,1,Intel Ref.code setup hide,Platform
IntelSetup,0xC14,1,Intel Ref.code setup hide,Platform
IntelSetup,0xC15,1,Intel Ref.code setup hide,Platform
IntelSetup,0xC16,1,Intel Ref.code setup hide,Platform
IntelSetup,0xC17,1,Intel Ref.code setup hide,Platform
IntelSetup,0x10B6,1,Intel Ref.code setup hide,Platform
IntelSetup,0x10C0,1,Intel Ref.code setup hide,Platform
IntelSetup,0x11B6,1,Intel Ref.code setup hide,Platform
IntelSetup,0x11B7,1,Intel Ref.code setup hide,Platform
IntelSetup,0x11BB,1,Intel Ref.code setup hide,Platform
IntelSetup,0x11BD,1,Intel Ref.code setup hide,Platform
IntelSetup,0x11BE,1,Intel Ref.code setup hide,Platform
IntelSetup,0x11BF,1,Intel Ref.code setup hide,Platform
IntelSetup,0x11C1,1,Intel Ref.code setup hide,Platform
IntelSetup,0x11C7,1,Intel Ref.code setup hide,Platform
IntelSetup,0x11D0,1,Intel Ref.code setup hide,Platform
IntelSetup,0x11D1,1,Intel Ref.code setup hide,Platform
IntelSetup,0x11D2,1,Intel Ref.code setup hide,Platform
IntelSetup,0x11D3,1,Intel Ref.code setup hide,Platform
IntelSetup,0x11D4,1,Intel Ref.code setup hide,Platform
IntelSetup,0x11D5,1,Intel Ref.code setup hide,Platform
IntelSetup,0x11D6,1,Intel Ref.code setup hide,Platform
IntelSetup,0x11D7,1,Intel Ref.code setup hide,Platform
IntelSetup,0x11D8,2,Intel Ref.code setup hide,Platform
IntelSetup,0x11DA,2,Intel Ref.code setup hide,Platform
IntelSetup,0x11DC,2,Intel Ref.code setup hide,Platform
IntelSetup,0x11E6,1,Intel Ref.code setup hide,Platform
IntelSetup,0x11E7,1,Intel Ref.code setup hide,Platform
IntelSetup,0x11E8,1,Intel Ref.code setup hide,Platform
IntelSetup,0x11E9,1,Intel Ref.code setup hide,Platform
IntelSetup,0x11EA,1,Intel Ref.code setup hide,Platform
IntelSetup,0x11EB,1,Intel Ref.code setup hide,Platform
IntelSetup,0x11EC,1,Intel Ref.code setup hide,Platform
IntelSetup,0x11ED,1,Intel Ref.code setup hide,Platform
IntelSetup,0x124D,1,Intel Ref.code setup hide,Platform
IntelSetup,0x1259,1,Intel Ref.code setup hide,Platform
IntelSetup,0x125A,1,Intel Ref.code setup hide,Platform
IntelSetup,0x125B,1,Intel Ref.code setup hide,Platform
IntelSetup,0x125C,1,Intel Ref.code setup hide,Platform
IntelSetup,0x125E,1,Intel Ref.code setup hide,Platform
IntelSetup,0x125F,1,Intel Ref.code setup hide,Platform
IntelSetup,0x1260,1,Intel Ref.code setup hide,Platform
IntelSetup,0x1261,1,Intel Ref.code setup hide,Platform
IntelSetup,0x1262,1,Intel Ref.code setup hide,Platform
IntelSetup,0x1263,1,Intel Ref.code setup hide,Platform
IntelSetup,0x1266,2,Intel Ref.code setup hide,Platform
IntelSetup,0x1268,1,Intel Ref.code setup hide,Platform
IntelSetup,0x129E,1,Intel Ref.code setup hide,Platform
IntelSetup,0x129F,1,Intel Ref.code setup hide,Platform
IntelSetup,0x12A0,1,Intel Ref.code setup hide,Platform
IntelSetup,0x12A5,1,Intel Ref.code setup hide,Platform
IntelSetup,0x5E,1,Intel Ref.code setup hide,Platform
IntelSetup,0x164,1,Intel Ref.code setup hide,Platform
IntelSetup,0x147,1,Intel Ref.code setup hide,Platform
IntelSetup,0x148,1,Intel Ref.code setup hide,Platform
IntelSetup,0x149,1,Intel Ref.code setup hide,Platform
IntelSetup,0x14A,1,Intel Ref.code setup hide,Platform
IntelSetup,0x14B,1,Intel Ref.code setup hide,Platform
IntelSetup,0x14C,1,Intel Ref.code setup hide,Platform
IntelSetup,0xE2,1,Intel Ref.code setup hide,Platform
IntelSetup,0xF6,1,Intel Ref.code setup hide,Platform
IntelSetup,0x201,1,Intel Ref.code setup hide,Platform
IntelSetup,0x239,1,Intel Ref.code setup hide,Platform
IntelSetup,0x23A,1,Intel Ref.code setup hide,Platform
IntelSetup,0x23B,1,Intel Ref.code setup hide,Platform
IntelSetup,0x23C,1,Intel Ref.code setup hide,Platform
IntelSetup,0x23D,1,Intel Ref.code setup hide,Platform
IntelSetup,0x23E,1,Intel Ref.code setup hide,Platform
IntelSetup,0x23F,1,Intel Ref.code setup hide,Platform
IntelSetup,0x240,1,Intel Ref.code setup hide,Platform
IntelSetup,0x28E,1,Intel Ref.code setup hide,Platform
IntelSetup,0x28F,1,Intel Ref.code setup hide,Platform
IntelSetup,0x290,1,Intel Ref.code setup hide,Platform
IntelSetup,0x291,1,Intel Ref.code setup hide,Platform
IntelSetup,0x292,1,Intel Ref.code setup hide,Platform
IntelSetup,0x295,1,Intel Ref.code setup hide,Platform
IntelSetup,0x296,1,Intel Ref.code setup hide,Platform
IntelSetup,0x168,1,Intel Ref.code setup hide,Platform
IntelSetup,0x169,1,Intel Ref.code setup hide,Platform
IntelSetup,0x16A,1,Intel Ref.code setup hide,Platform
IntelSetup,0x1A4,1,Intel Ref.code setup hide,Platform
IntelSetup,0x1A5,1,Intel Ref.code setup hide,Platform
IntelSetup,0x1A6,1,Intel Ref.code setup hide,Platform
IntelSetup,0x293,1,Intel Ref.code setup hide,Platform
IntelSetup,0x294,1,Intel Ref.code setup hide,Platform
IntelSetup,0x1617,1,Intel Ref.code setup hide,Platform
IntelSetup,0x12D8,1,Intel Ref.code setup hide,Platform
IntelSetup,0x12E8,1,Intel Ref.code setup hide,Platform
IntelSetup,0x1314,1,Intel Ref.code setup hide,Platform
IntelSetup,0x1315,1,Intel Ref.code setup hide,Platform
IntelSetup,0x1316,1,Intel Ref.code setup hide,Platform
IntelSetup,0x1317,1,Intel Ref.code setup hide,Platform
IntelSetup,0x1318,1,Intel Ref.code setup hide,Platform
IntelSetup,0x1319,1,Intel Ref.code setup hide,Platform
IntelSetup,0x131A,1,Intel Ref.code setup hide,Platform
IntelSetup,0x131B,1,Intel Ref.code setup hide,Platform
IntelSetup,0x131C,1,Intel Ref.code setup hide,Platform
IntelSetup,0x3A3,1,Intel Ref.code setup hide,Platform
IntelSetup,0x3A4,1,Intel Ref.code setup hide,Platform
IntelSetup,0x3A5,1,Intel Ref.code setup hide,Platform
IntelSetup,0x3A6,1,Intel Ref.code setup hide,Platform
IntelSetup,0x3A7,1,Intel Ref.code setup hide,Platform
IntelSetup,0x3A8,1,Intel Ref.code setup hide,Platform
IntelSetup,0x3A9,1,Intel Ref.code setup hide,Platform
IntelSetup,0x3AA,1,Intel Ref.code setup hide,Platform
IntelSetup,0x3AB,1,Intel Ref.code setup hide,Platform
IntelSetup,0x3AC,1,Intel Ref.code setup hide,Platform
IntelSetup,0x3AD,1,Intel Ref.code setup hide,Platform
IntelSetup,0x3AE,1,Intel Ref.code setup hide,Platform
IntelSetup,0x3AF,1,Intel Ref.code setup hide,Platform
IntelSetup,0x3B0,1,Intel Ref.code setup hide,Platform
IntelSetup,0x3B1,1,Intel Ref.code setup hide,Platform
IntelSetup,0x3B2,1,Intel Ref.code setup hide,Platform
IntelSetup,0x3B3,1,Intel Ref.code setup hide,Platform
IntelSetup,0x3B4,1,Intel Ref.code setup hide,Platform
IntelSetup,0x3B5,1,Intel Ref.code setup hide,Platform
IntelSetup,0x3B6,1,Intel Ref.code setup hide,Platform
IntelSetup,0x3B7,1,Intel Ref.code setup hide,Platform
IntelSetup,0x3B8,1,Intel Ref.code setup hide,Platform
IntelSetup,0x3B9,1,Intel Ref.code setup hide,Platform
IntelSetup,0x3BA,1,Intel Ref.code setup hide,Platform
IntelSetup,0x3BB,1,Intel Ref.code setup hide,Platform
IntelSetup,0x3BC,1,Intel Ref.code setup hide,Platform
IntelSetup,0x3BD,1,Intel Ref.code setup hide,Platform
IntelSetup,0x3BE,1,Intel Ref.code setup hide,Platform
IntelSetup,0x3BF,1,Intel Ref.code setup hide,Platform
IntelSetup,0x3C0,1,Intel Ref.code setup hide,Platform
IntelSetup,0x3C1,1,Intel Ref.code setup hide,Platform
IntelSetup,0x3C2,1,Intel Ref.code setup hide,Platform
IntelSetup,0x3C3,1,Intel Ref.code setup hide,Platform
IntelSetup,0x3C4,1,Intel Ref.code setup hide,Platform
IntelSetup,0x3C5,1,Intel Ref.code setup hide,Platform
IntelSetup,0x3C6,1,Intel Ref.code setup hide,Platform
IntelSetup,0x3C7,1,Intel Ref.code setup hide,Platform
IntelSetup,0x3C8,1,Intel Ref.code setup hide,Platform
IntelSetup,0x3C9,1,Intel Ref.code setup hide,Platform
IntelSetup,0x3CA,1,Intel Ref.code setup hide,Platform
IntelSetup,0x3CB,1,Intel Ref.code setup hide,Platform
IntelSetup,0x3CC,1,Intel Ref.code setup hide,Platform
IntelSetup,0x3CD,1,Intel Ref.code setup hide,Platform
IntelSetup,0x3CE,1,Intel Ref.code setup hide,Platform
IntelSetup,0x3CF,1,Intel Ref.code setup hide,Platform
IntelSetup,0x3D0,1,Intel Ref.code setup hide,Platform
IntelSetup,0x3D1,1,Intel Ref.code setup hide,Platform
IntelSetup,0x3D2,1,Intel Ref.code setup hide,Platform
IntelSetup,0x3D3,1,Intel Ref.code setup hide,Platform
IntelSetup,0x3D4,1,Intel Ref.code setup hide,Platform
IntelSetup,0x3D5,1,Intel Ref.code setup hide,Platform
IntelSetup,0x3D6,1,Intel Ref.code setup hide,Platform
IntelSetup,0x3D7,1,Intel Ref.code setup hide,Platform
IntelSetup,0x3D8,1,Intel Ref.code setup hide,Platform
IntelSetup,0x3D9,1,Intel Ref.code setup hide,Platform
IntelSetup,0x3DA,1,Intel Ref.code setup hide,Platform
IntelSetup,0x3DB,1,Intel Ref.code setup hide,Platform
IntelSetup,0x3DC,1,Intel Ref.code setup hide,Platform
IntelSetup,0x3DD,1,Intel Ref.code setup hide,Platform
IntelSetup,0x3DE,1,Intel Ref.code setup hide,Platform
IntelSetup,0x3DF,1,Intel Ref.code setup hide,Platform
IntelSetup,0x3E0,1,Intel Ref.code setup hide,Platform
IntelSetup,0x3E1,1,Intel Ref.code setup hide,Platform
IntelSetup,0x3E2,1,Intel Ref.code setup hide,Platform
IntelSetup,0x3E3,1,Intel Ref.code setup hide,Platform
IntelSetup,0x3E4,1,Intel Ref.code setup hide,Platform
IntelSetup,0x3E5,1,Intel Ref.code setup hide,Platform
IntelSetup,0x3E6,1,Intel Ref.code setup hide,Platform
IntelSetup,0x3E7,1,Intel Ref.code setup hide,Platform
IntelSetup,0x3E8,1,Intel Ref.code setup hide,Platform
IntelSetup,0x3E9,1,Intel Ref.code setup hide,Platform
IntelSetup,0x3EA,1,Intel Ref.code setup hide,Platform
IntelSetup,0x3EB,1,Intel Ref.code setup hide,Platform
IntelSetup,0x3EC,1,Intel Ref.code setup hide,Platform
IntelSetup,0x3ED,1,Intel Ref.code setup hide,Platform
IntelSetup,0x3EE,1,Intel Ref.code setup hide,Platform
IntelSetup,0x3EF,1,Intel Ref.code setup hide,Platform
IntelSetup,0x3F0,1,Intel Ref.code setup hide,Platform
IntelSetup,0x3F1,1,Intel Ref.code setup hide,Platform
IntelSetup,0x3F2,1,Intel Ref.code setup hide,Platform
IntelSetup,0x3F3,1,Intel Ref.code setup hide,Platform
IntelSetup,0x3F4,1,Intel Ref.code setup hide,Platform
IntelSetup,0x3F5,1,Intel Ref.code setup hide,Platform
IntelSetup,0x3F6,1,Intel Ref.code setup hide,Platform
IntelSetup,0x3F7,1,Intel Ref.code setup hide,Platform
IntelSetup,0x3F8,1,Intel Ref.code setup hide,Platform
IntelSetup,0x3F9,1,Intel Ref.code setup hide,Platform
IntelSetup,0x3FA,1,Intel Ref.code setup hide,Platform
IntelSetup,0x10CE,4,MMIO Low Base,Platform
IntelSetup,0x10D2,4,MMIO Low Size,Platform
IntelSetup,0x11B4,1,Intel Ref.code setup hide,Platform
IntelSetup,0x11B5,1,Intel Ref.code setup hide,Platform
IntelSetup,0x128C,1,Intel Ref.code setup hide,Platform
IntelSetup,0x128D,1,Intel Ref.code setup hide,Platform
IntelSetup,0x128E,1,Intel Ref.code setup hide,Platform
IntelSetup,0x128F,1,Intel Ref.code setup hide,Platform
IntelSetup,0x1293,1,Intel Ref.code setup hide,Platform
IntelSetup,0x41,1,Intel Ref.code setup hide,Platform
IntelSetup,0x42,1,Intel Ref.code setup hide,Platform
IntelSetup,0x43,1,Intel Ref.code setup hide,Platform
IntelSetup,0x44,1,Intel Ref.code setup hide,Platform
IntelSetup,0x47,1,Intel Ref.code setup hide,Platform
IntelSetup,0x48,1,Intel Ref.code setup hide,Platform
IntelSetup,0x49,1,Intel Ref.code setup hide,Platform
IntelSetup,0x4D,1,Intel Ref.code setup hide,Platform
IntelSetup,0x50,1,Intel Ref.code setup hide,Platform
IntelSetup,0x52,1,Intel Ref.code setup hide,Platform
IntelSetup,0x53,1,Intel Ref.code setup hide,Platform
IntelSetup,0x5F,1,Intel Ref.code setup hide,Platform
IntelSetup,0x60,1,Intel Ref.code setup hide,Platform
IntelSetup,0x6A,1,Intel Ref.code setup hide,Platform
IntelSetup,0x7A,1,Intel Ref.code setup hide,Platform
IntelSetup,0x8C,1,Intel Ref.code setup hide,Platform
IntelSetup,0x8D,1,Intel Ref.code setup hide,Platform
IntelSetup,0x8E,1,Intel Ref.code setup hide,Platform
IntelSetup,0xB0,1,Intel Ref.code setup hide,Platform
IntelSetup,0xB5,1,Intel Ref.code setup hide,Platform
IntelSetup,0xB6,1,Intel Ref.code setup hide,Platform
IntelSetup,0xB7,1,Intel Ref.code setup hide,Platform
IntelSetup,0xDC,1,Intel Ref.code setup hide,Platform
IntelSetup,0xDD,1,Intel Ref.code setup hide,Platform
IntelSetup,0x150,1,Intel Ref.code setup hide,Platform
IntelSetup,0x151,1,Intel Ref.code setup hide,Platform
IntelSetup,0x152,1,Intel Ref.code setup hide,Platform
IntelSetup,0x183,1,Intel Ref.code setup hide,Platform
IntelSetup,0x184,1,Intel Ref.code setup hide,Platform
IntelSetup,0x185,1,Intel Ref.code setup hide,Platform
IntelSetup,0x186,1,Intel Ref.code setup hide,Platform
IntelSetup,0x189,1,Intel Ref.code setup hide,Platform
IntelSetup,0x18A,1,Intel Ref.code setup hide,Platform
IntelSetup,0x18B,1,Intel Ref.code setup hide,Platform
IntelSetup,0x18C,1,Intel Ref.code setup hide,Platform
IntelSetup,0x1A7,1,Intel Ref.code setup hide,Platform
IntelSetup,0x1A8,1,Intel Ref.code setup hide,Platform
IntelSetup,0x289,1,Intel Ref.code setup hide,Platform
IntelSetup,0x298,1,Intel Ref.code setup hide,Platform
IntelSetup,0x299,2,Intel Ref.code setup hide,Platform
IntelSetup,0x29B,2,Intel Ref.code setup hide,Platform
IntelSetup,0x29E,1,Intel Ref.code setup hide,Platform
IntelSetup,0x29F,1,Intel Ref.code setup hide,Platform
IntelSetup,0x2A0,1,Intel Ref.code setup hide,Platform
IntelSetup,0x2A1,1,Intel Ref.code setup hide,Platform
IntelSetup,0x2A2,2,Intel Ref.code setup hide,Platform
IntelSetup,0x2B6,2,Intel Ref.code setup hide,Platform
IntelSetup,0x2D4,1,Intel Ref.code setup hide,Platform
IntelSetup,0x2D5,1,Intel Ref.code setup hide,Platform
IntelSetup,0x2DD,1,Intel Ref.code setup hide,Platform
IntelSetup,0x12A7,1,Intel Ref.code setup hide,Platform
IntelSetup,0x12A8,1,Intel Ref.code setup hide,Platform
IntelSetup,0x12A9,1,Intel Ref.code setup hide,Platform
IntelSetup,0x12AA,1,Intel Ref.code setup hide,Platform
IntelSetup,0x12AB,1,Intel Ref.code setup hide,Platform
IntelSetup,0x12AC,1,Intel Ref.code setup hide,Platform
IntelSetup,0x12AD,1,Intel Ref.code setup hide,Platform
IntelSetup,0x12AE,1,Intel Ref.code setup hide,Platform
IntelSetup,0x12AF,1,Intel Ref.code setup hide,Platform
IntelSetup,0x12B0,1,Intel Ref.code setup hide,Platform
IntelSetup,0x12B1,1,Intel Ref.code setup hide,Platform
IntelSetup,0x12B2,1,Intel Ref.code setup hide,Platform
IntelSetup,0x12B3,1,Intel Ref.code setup hide,Platform
IntelSetup,0x12B4,1,Intel Ref.code setup hide,Platform
IntelSetup,0x12B5,1,Intel Ref.code setup hide,Platform
IntelSetup,0x12B6,1,Intel Ref.code setup hide,Platform
IntelSetup,0x12B7,1,Intel Ref.code setup hide,Platform
IntelSetup,0x1331,1,Intel Ref.code setup hide,Platform
IntelSetup,0x1332,1,Intel Ref.code setup hide,Platform
IntelSetup,0x1333,1,Intel Ref.code setup hide,Platform
IntelSetup,0x1335,1,Intel Ref.code setup hide,Platform
IntelSetup,0x133A,1,Intel Ref.code setup hide,Platform
IntelSetup,0x1342,1,Intel Ref.code setup hide,Platform
IntelSetup,0x135C,1,Intel Ref.code setup hide,Platform
IntelSetup,0x135D,1,Intel Ref.code setup hide,Platform
IntelSetup,0x135E,1,Intel Ref.code setup hide,Platform
IntelSetup,0x135F,1,Intel Ref.code setup hide,Platform
IntelSetup,0x1369,1,Intel Ref.code setup hide,Platform
IntelSetup,0x1398,1,Intel Ref.code setup hide,Platform
IntelSetup,0x13A1,1,Intel Ref.code setup hide,Platform
IntelSetup,0x13B4,1,Intel Ref.code setup hide,Platform
IntelSetup,0x13CC,1,Intel Ref.code setup hide,Platform
IntelSetup,0x13DF,2,Intel Ref.code setup hide,Platform
IntelSetup,0x10E1,1,Intel Ref.code setup hide,Platform
IntelSetup,0x10E2,1,Intel Ref.code setup hide,Platform
IntelSetup,0x10E3,1,Intel Ref.code setup hide,Platform
IntelSetup,0x10E4,1,Intel Ref.code setup hide,Platform
IntelSetup,0x10E5,1,Intel Ref.code setup hide,Platform
IntelSetup,0x10E6,1,Intel Ref.code setup hide,Platform
IntelSetup,0x10E7,1,Intel Ref.code setup hide,Platform
IntelSetup,0x10E8,1,Intel Ref.code setup hide,Platform
IntelSetup,0x10E9,1,Intel Ref.code setup hide,Platform
IntelSetup,0x10EA,1,Intel Ref.code setup hide,Platform
IntelSetup,0x10EB,1,Intel Ref.code setup hide,Platform
IntelSetup,0x10EC,1,Intel Ref.code setup hide,Platform
IntelSetup,0x10ED,1,Intel Ref.code setup hide,Platform
IntelSetup,0x10EE,1,Intel Ref.code setup hide,Platform
IntelSetup,0x10EF,1,Intel Ref.code setup hide,Platform
IntelSetup,0x10F1,1,Intel Ref.code setup hide,Platform
IntelSetup,0x10F2,1,Intel Ref.code setup hide,Platform
IntelSetup,0x10F3,1,Intel Ref.code setup hide,Platform
IntelSetup,0x10F4,1,Intel Ref.code setup hide,Platform
IntelSetup,0x10F5,4,Intel Ref.code setup hide,Platform
IntelSetup,0x10FD,4,Intel Ref.code setup hide,Platform
IntelSetup,0x1105,4,Intel Ref.code setup hide,Platform
IntelSetup,0x110D,4,Intel Ref.code setup hide,Platform
IntelSetup,0x116B,1,Intel Ref.code setup hide,Platform
IntelSetup,0x116D,1,Intel Ref.code setup hide,Platform
IntelSetup,0x1185,1,Intel Ref.code setup hide,Platform
IntelSetup,0x1186,1,Intel Ref.code setup hide,Platform
IntelSetup,0x1188,1,Intel Ref.code setup hide,Platform
IntelSetup,0x11B1,1,Intel Ref.code setup hide,Platform
IntelSetup,0x2EC,1,Intel Ref.code setup hide,Platform
IntelSetup,0x52F,1,Intel Ref.code setup hide,Platform
IntelSetup,0x530,1,Intel Ref.code setup hide,Platform
IntelSetup,0x705,1,Intel Ref.code setup hide,Platform
IntelSetup,0x706,1,Intel Ref.code setup hide,Platform
IntelSetup,0x707,1,Intel Ref.code setup hide,Platform
IntelSetup,0x708,1,Intel Ref.code setup hide,Platform
IntelSetup,0x709,1,Intel Ref.code setup hide,Platform
IntelSetup,0x70A,1,Intel Ref.code setup hide,Platform
IntelSetup,0x70B,1,Intel Ref.code setup hide,Platform
IntelSetup,0x70C,1,Intel Ref.code setup hide,Platform
IntelSetup,0x70D,1,Intel Ref.code setup hide,Platform
IntelSetup,0x70E,1,Intel Ref.code setup hide,Platform
IntelSetup,0x70F,1,Intel Ref.code setup hide,Platform
IntelSetup,0x710,1,Intel Ref.code setup hide,Platform
IntelSetup,0x711,1,Intel Ref.code setup hide,Platform
IntelSetup,0x712,1,Intel Ref.code setup hide,Platform
IntelSetup,0x713,1,Intel Ref.code setup hide,Platform
IntelSetup,0x714,1,Intel Ref.code setup hide,Platform
IntelSetup,0x715,1,Intel Ref.code setup hide,Platform
IntelSetup,0x716,1,Intel Ref.code setup hide,Platform
IntelSetup,0x717,1,Intel Ref.code setup hide,Platform
IntelSetup,0x718,1,Intel Ref.code setup hide,Platform
IntelSetup,0x719,1,Intel Ref.code setup hide,Platform
IntelSetup,0x71A,1,Intel Ref.code setup hide,Platform
IntelSetup,0x71B,1,Intel Ref.code setup hide,Platform
IntelSetup,0x71C,1,Intel Ref.code setup hide,Platform
IntelSetup,0x71D,1,Intel Ref.code setup hide,Platform
IntelSetup,0x71E,1,Intel Ref.code setup hide,Platform
IntelSetup,0x71F,1,Intel Ref.code setup hide,Platform
IntelSetup,0x720,1,Intel Ref.code setup hide,Platform
IntelSetup,0x721,1,Intel Ref.code setup hide,Platform
IntelSetup,0x722,1,Intel Ref.code setup hide,Platform
IntelSetup,0x723,1,Intel Ref.code setup hide,Platform
IntelSetup,0x724,1,Intel Ref.code setup hide,Platform
IntelSetup,0x725,1,Intel Ref.code setup hide,Platform
IntelSetup,0x726,1,Intel Ref.code setup hide,Platform
IntelSetup,0x727,1,Intel Ref.code setup hide,Platform
IntelSetup,0x728,1,Intel Ref.code setup hide,Platform
IntelSetup,0x729,1,Intel Ref.code setup hide,Platform
IntelSetup,0x72A,1,Intel Ref.code setup hide,Platform
IntelSetup,0x72B,1,Intel Ref.code setup hide,Platform
IntelSetup,0x72C,1,Intel Ref.code setup hide,Platform
IntelSetup,0x72D,1,Intel Ref.code setup hide,Platform
IntelSetup,0x72E,1,Intel Ref.code setup hide,Platform
IntelSetup,0x72F,1,Intel Ref.code setup hide,Platform
IntelSetup,0x730,1,Intel Ref.code setup hide,Platform
IntelSetup,0x75D,1,Intel Ref.code setup hide,Platform
IntelSetup,0x75E,1,Intel Ref.code setup hide,Platform
IntelSetup,0x75F,1,Intel Ref.code setup hide,Platform
IntelSetup,0x760,1,Intel Ref.code setup hide,Platform
IntelSetup,0x761,1,Intel Ref.code setup hide,Platform
IntelSetup,0x762,1,Intel Ref.code setup hide,Platform
IntelSetup,0x763,1,Intel Ref.code setup hide,Platform
IntelSetup,0x764,1,Intel Ref.code setup hide,Platform
IntelSetup,0x765,1,Intel Ref.code setup hide,Platform
IntelSetup,0x766,1,Intel Ref.code setup hide,Platform
IntelSetup,0x767,1,Intel Ref.code setup hide,Platform
IntelSetup,0x768,1,Intel Ref.code setup hide,Platform
IntelSetup,0x769,1,Intel Ref.code setup hide,Platform
IntelSetup,0x76A,1,Intel Ref.code setup hide,Platform
IntelSetup,0x76B,1,Intel Ref.code setup hide,Platform
IntelSetup,0x76C,1,Intel Ref.code setup hide,Platform
IntelSetup,0x76D,1,Intel Ref.code setup hide,Platform
IntelSetup,0x76E,1,Intel Ref.code setup hide,Platform
IntelSetup,0x76F,1,Intel Ref.code setup hide,Platform
IntelSetup,0x770,1,Intel Ref.code setup hide,Platform
IntelSetup,0x771,1,Intel Ref.code setup hide,Platform
IntelSetup,0x772,1,Intel Ref.code setup hide,Platform
IntelSetup,0x773,1,Intel Ref.code setup hide,Platform
IntelSetup,0x774,1,Intel Ref.code setup hide,Platform
IntelSetup,0x775,1,Intel Ref.code setup hide,Platform
IntelSetup,0x776,1,Intel Ref.code setup hide,Platform
IntelSetup,0x777,1,Intel Ref.code setup hide,Platform
IntelSetup,0x778,1,Intel Ref.code setup hide,Platform
IntelSetup,0x779,1,Intel Ref.code setup hide,Platform
IntelSetup,0x77A,1,Intel Ref.code setup hide,Platform
IntelSetup,0x77B,1,Intel Ref.code setup hide,Platform
IntelSetup,0x77C,1,Intel Ref.code setup hide,Platform
IntelSetup,0x77D,1,Intel Ref.code setup hide,Platform
IntelSetup,0x77E,1,Intel Ref.code setup hide,Platform
IntelSetup,0x77F,1,Intel Ref.code setup hide,Platform
IntelSetup,0x780,1,Intel Ref.code setup hide,Platform
IntelSetup,0x781,1,Intel Ref.code setup hide,Platform
IntelSetup,0x782,1,Intel Ref.code setup hide,Platform
IntelSetup,0x783,1,Intel Ref.code setup hide,Platform
IntelSetup,0x784,1,Intel Ref.code setup hide,Platform
IntelSetup,0x785,1,Intel Ref.code setup hide,Platform
IntelSetup,0x786,1,Intel Ref.code setup hide,Platform
IntelSetup,0x787,1,Intel Ref.code setup hide,Platform
IntelSetup,0x788,1,Intel Ref.code setup hide,Platform
IntelSetup,0x999,1,Intel Ref.code setup hide,Platform
IntelSetup,0x99A,1,Intel Ref.code setup hide,Platform
IntelSetup,0x99B,1,Intel Ref.code setup hide,Platform
IntelSetup,0x99C,1,Intel Ref.code setup hide,Platform
IntelSetup,0x99D,1,Intel Ref.code setup hide,Platform
IntelSetup,0x99E,1,Intel Ref.code setup hide,Platform
IntelSetup,0x99F,1,Intel Ref.code setup hide,Platform
IntelSetup,0x9A0,1,Intel Ref.code setup hide,Platform
IntelSetup,0x9A1,1,Intel Ref.code setup hide,Platform
IntelSetup,0x9A2,1,Intel Ref.code setup hide,Platform
IntelSetup,0x9A3,1,Intel Ref.code setup hide,Platform
IntelSetup,0x9A4,1,Intel Ref.code setup hide,Platform
IntelSetup,0x9A5,1,Intel Ref.code setup hide,Platform
IntelSetup,0x9A6,1,Intel Ref.code setup hide,Platform
IntelSetup,0x9A7,1,Intel Ref.code setup hide,Platform
IntelSetup,0x9A8,1,Intel Ref.code setup hide,Platform
IntelSetup,0x9A9,1,Intel Ref.code setup hide,Platform
IntelSetup,0x9AA,1,Intel Ref.code setup hide,Platform
IntelSetup,0x9AB,1,Intel Ref.code setup hide,Platform
IntelSetup,0x9AC,1,Intel Ref.code setup hide,Platform
IntelSetup,0x9AD,1,Intel Ref.code setup hide,Platform
IntelSetup,0x9AE,1,Intel Ref.code setup hide,Platform
IntelSetup,0x9AF,1,Intel Ref.code setup hide,Platform
IntelSetup,0x9B0,1,Intel Ref.code setup hide,Platform
IntelSetup,0x9B1,1,Intel Ref.code setup hide,Platform
IntelSetup,0x9B2,1,Intel Ref.code setup hide,Platform
IntelSetup,0x9B3,1,Intel Ref.code setup hide,Platform
IntelSetup,0x9B4,1,Intel Ref.code setup hide,Platform
IntelSetup,0x9B5,1,Intel Ref.code setup hide,Platform
IntelSetup,0x9B6,1,Intel Ref.code setup hide,Platform
IntelSetup,0x9B7,1,Intel Ref.code setup hide,Platform
IntelSetup,0x9B8,1,Intel Ref.code setup hide,Platform
IntelSetup,0x9B9,1,Intel Ref.code setup hide,Platform
IntelSetup,0x9BA,1,Intel Ref.code setup hide,Platform
IntelSetup,0x9BB,1,Intel Ref.code setup hide,Platform
IntelSetup,0x9BC,1,Intel Ref.code setup hide,Platform
IntelSetup,0x9BD,1,Intel Ref.code setup hide,Platform
IntelSetup,0x9BE,1,Intel Ref.code setup hide,Platform
IntelSetup,0x9BF,1,Intel Ref.code setup hide,Platform
IntelSetup,0x9C0,1,Intel Ref.code setup hide,Platform
IntelSetup,0x9C1,1,Intel Ref.code setup hide,Platform
IntelSetup,0x9C2,1,Intel Ref.code setup hide,Platform
IntelSetup,0x9C3,1,Intel Ref.code setup hide,Platform
IntelSetup,0x9C4,1,Intel Ref.code setup hide,Platform
IntelSetup,0xA1D,1,Intel Ref.code setup hide,Platform
IntelSetup,0xA1E,1,Intel Ref.code setup hide,Platform
IntelSetup,0xA1F,1,Intel Ref.code setup hide,Platform
IntelSetup,0xA20,1,Intel Ref.code setup hide,Platform
IntelSetup,0xA21,1,Intel Ref.code setup hide,Platform
IntelSetup,0xA22,1,Intel Ref.code setup hide,Platform
IntelSetup,0xA23,1,Intel Ref.code setup hide,Platform
IntelSetup,0xA24,1,Intel Ref.code setup hide,Platform
IntelSetup,0xA25,1,Intel Ref.code setup hide,Platform
IntelSetup,0xA26,1,Intel Ref.code setup hide,Platform
IntelSetup,0xA27,1,Intel Ref.code setup hide,Platform
IntelSetup,0xA28,1,Intel Ref.code setup hide,Platform
IntelSetup,0xA29,1,Intel Ref.code setup hide,Platform
IntelSetup,0xA2A,1,Intel Ref.code setup hide,Platform
IntelSetup,0xA2B,1,Intel Ref.code setup hide,Platform
IntelSetup,0xA2C,1,Intel Ref.code setup hide,Platform
IntelSetup,0xA2D,1,Intel Ref.code setup hide,Platform
IntelSetup,0xA2E,1,Intel Ref.code setup hide,Platform
IntelSetup,0xA2F,1,Intel Ref.code setup hide,Platform
IntelSetup,0xA30,1,Intel Ref.code setup hide,Platform
IntelSetup,0xA31,1,Intel Ref.code setup hide,Platform
IntelSetup,0xA32,1,Intel Ref.code setup hide,Platform
IntelSetup,0xA33,1,Intel Ref.code setup hide,Platform
IntelSetup,0xA34,1,Intel Ref.code setup hide,Platform
IntelSetup,0xA35,1,Intel Ref.code setup hide,Platform
IntelSetup,0xA36,1,Intel Ref.code setup hide,Platform
IntelSetup,0xA37,1,Intel Ref.code setup hide,Platform
IntelSetup,0xA38,1,Intel Ref.code setup hide,Platform
IntelSetup,0xA39,1,Intel Ref.code setup hide,Platform
IntelSetup,0xA3A,1,Intel Ref.code setup hide,Platform
IntelSetup,0xA3B,1,Intel Ref.code setup hide,Platform
IntelSetup,0xA3C,1,Intel Ref.code setup hide,Platform
IntelSetup,0xA3D,1,Intel Ref.code setup hide,Platform
IntelSetup,0xA3E,1,Intel Ref.code setup hide,Platform
IntelSetup,0xA3F,1,Intel Ref.code setup hide,Platform
IntelSetup,0xA40,1,Intel Ref.code setup hide,Platform
IntelSetup,0xA41,1,Intel Ref.code setup hide,Platform
IntelSetup,0xA42,1,Intel Ref.code setup hide,Platform
IntelSetup,0xA43,1,Intel Ref.code setup hide,Platform
IntelSetup,0xA44,1,Intel Ref.code setup hide,Platform
IntelSetup,0xA45,1,Intel Ref.code setup hide,Platform
IntelSetup,0xA46,1,Intel Ref.code setup hide,Platform
IntelSetup,0xA47,1,Intel Ref.code setup hide,Platform
IntelSetup,0xA48,1,Intel Ref.code setup hide,Platform
IntelSetup,0xA49,1,Intel Ref.code setup hide,Platform
IntelSetup,0xA4A,1,Intel Ref.code setup hide,Platform
IntelSetup,0xA4B,1,Intel Ref.code setup hide,Platform
IntelSetup,0xA4C,1,Intel Ref.code setup hide,Platform
IntelSetup,0xA4D,1,Intel Ref.code setup hide,Platform
IntelSetup,0xA4E,1,Intel Ref.code setup hide,Platform
IntelSetup,0xA4F,1,Intel Ref.code setup hide,Platform
IntelSetup,0xA50,1,Intel Ref.code setup hide,Platform
IntelSetup,0xA51,1,Intel Ref.code setup hide,Platform
IntelSetup,0xA52,1,Intel Ref.code setup hide,Platform
IntelSetup,0xA53,1,Intel Ref.code setup hide,Platform
IntelSetup,0xA54,1,Intel Ref.code setup hide,Platform
IntelSetup,0xA55,1,Intel Ref.code setup hide,Platform
IntelSetup,0xA56,1,Intel Ref.code setup hide,Platform
IntelSetup,0xA57,1,Intel Ref.code setup hide,Platform
IntelSetup,0xA58,1,Intel Ref.code setup hide,Platform
IntelSetup,0xA59,1,Intel Ref.code setup hide,Platform
IntelSetup,0xA5A,1,Intel Ref.code setup hide,Platform
IntelSetup,0xA5B,1,Intel Ref.code setup hide,Platform
IntelSetup,0xA5C,1,Intel Ref.code setup hide,Platform
IntelSetup,0xA5D,1,Intel Ref.code setup hide,Platform
IntelSetup,0xA5E,1,Intel Ref.code setup hide,Platform
IntelSetup,0xA8B,1,Intel Ref.code setup hide,Platform
IntelSetup,0xA8C,1,Intel Ref.code setup hide,Platform
IntelSetup,0xA8D,1,Intel Ref.code setup hide,Platform
IntelSetup,0xA8E,1,Intel Ref.code setup hide,Platform
IntelSetup,0xA8F,1,Intel Ref.code setup hide,Platform
IntelSetup,0xA90,1,Intel Ref.code setup hide,Platform
IntelSetup,0xA91,1,Intel Ref.code setup hide,Platform
IntelSetup,0xA92,1,Intel Ref.code setup hide,Platform
IntelSetup,0xA93,1,Intel Ref.code setup hide,Platform
IntelSetup,0xA94,1,Intel Ref.code setup hide,Platform
IntelSetup,0xA95,1,Intel Ref.code setup hide,Platform
IntelSetup,0xA96,1,Intel Ref.code setup hide,Platform
IntelSetup,0xA97,1,Intel Ref.code setup hide,Platform
IntelSetup,0xA98,1,Intel Ref.code setup hide,Platform
IntelSetup,0xA99,1,Intel Ref.code setup hide,Platform
IntelSetup,0xA9A,1,Intel Ref.code setup hide,Platform
IntelSetup,0xA9B,1,Intel Ref.code setup hide,Platform
IntelSetup,0xA9C,1,Intel Ref.code setup hide,Platform
IntelSetup,0xA9D,1,Intel Ref.code setup hide,Platform
IntelSetup,0xA9E,1,Intel Ref.code setup hide,Platform
IntelSetup,0xA9F,1,Intel Ref.code setup hide,Platform
IntelSetup,0xAA0,1,Intel Ref.code setup hide,Platform
IntelSetup,0xAF9,1,Intel Ref.code setup hide,Platform
IntelSetup,0xAFA,1,Intel Ref.code setup hide,Platform
IntelSetup,0xAFB,1,Intel Ref.code setup hide,Platform
IntelSetup,0xAFC,1,Intel Ref.code setup hide,Platform
IntelSetup,0xAFD,1,Intel Ref.code setup hide,Platform
IntelSetup,0xAFE,1,Intel Ref.code setup hide,Platform
IntelSetup,0xAFF,1,Intel Ref.code setup hide,Platform
IntelSetup,0xB00,1,Intel Ref.code setup hide,Platform
IntelSetup,0xB01,1,Intel Ref.code setup hide,Platform
IntelSetup,0xB02,1,Intel Ref.code setup hide,Platform
IntelSetup,0xB03,1,Intel Ref.code setup hide,Platform
IntelSetup,0xB04,1,Intel Ref.code setup hide,Platform
IntelSetup,0xB05,1,Intel Ref.code setup hide,Platform
IntelSetup,0xB06,1,Intel Ref.code setup hide,Platform
IntelSetup,0xB07,1,Intel Ref.code setup hide,Platform
IntelSetup,0xB08,1,Intel Ref.code setup hide,Platform
IntelSetup,0xB09,1,Intel Ref.code setup hide,Platform
IntelSetup,0xB0A,1,Intel Ref.code setup hide,Platform
IntelSetup,0xB0B,1,Intel Ref.code setup hide,Platform
IntelSetup,0xB0C,1,Intel Ref.code setup hide,Platform
IntelSetup,0xB0D,1,Intel Ref.code setup hide,Platform
IntelSetup,0xB0E,1,Intel Ref.code setup hide,Platform
IntelSetup,0xB0F,1,Intel Ref.code setup hide,Platform
IntelSetup,0xB10,1,Intel Ref.code setup hide,Platform
IntelSetup,0xB11,1,Intel Ref.code setup hide,Platform
IntelSetup,0xB12,1,Intel Ref.code setup hide,Platform
IntelSetup,0xB13,1,Intel Ref.code setup hide,Platform
IntelSetup,0xB14,1,Intel Ref.code setup hide,Platform
IntelSetup,0xB15,1,Intel Ref.code setup hide,Platform
IntelSetup,0xB16,1,Intel Ref.code setup hide,Platform
IntelSetup,0xB17,1,Intel Ref.code setup hide,Platform
IntelSetup,0xB18,1,Intel Ref.code setup hide,Platform
IntelSetup,0xB19,1,Intel Ref.code setup hide,Platform
IntelSetup,0xB1A,1,Intel Ref.code setup hide,Platform
IntelSetup,0xB1B,1,Intel Ref.code setup hide,Platform
IntelSetup,0xB1C,1,Intel Ref.code setup hide,Platform
IntelSetup,0xB1D,1,Intel Ref.code setup hide,Platform
IntelSetup,0xB1E,1,Intel Ref.code setup hide,Platform
IntelSetup,0xB1F,1,Intel Ref.code setup hide,Platform
IntelSetup,0xB20,1,Intel Ref.code setup hide,Platform
IntelSetup,0xB21,1,Intel Ref.code setup hide,Platform
IntelSetup,0xB22,1,Intel Ref.code setup hide,Platform
IntelSetup,0xB23,1,Intel Ref.code setup hide,Platform
IntelSetup,0xB24,1,Intel Ref.code setup hide,Platform
IntelSetup,0xB25,1,Intel Ref.code setup hide,Platform
IntelSetup,0xB26,1,Intel Ref.code setup hide,Platform
IntelSetup,0xB27,1,Intel Ref.code setup hide,Platform
IntelSetup,0xB28,1,Intel Ref.code setup hide,Platform
IntelSetup,0xB29,1,Intel Ref.code setup hide,Platform
IntelSetup,0xB2A,1,Intel Ref.code setup hide,Platform
IntelSetup,0xB2B,1,Intel Ref.code setup hide,Platform
IntelSetup,0xB2C,1,Intel Ref.code setup hide,Platform
IntelSetup,0xB2D,1,Intel Ref.code setup hide,Platform
IntelSetup,0xB2E,1,Intel Ref.code setup hide,Platform
IntelSetup,0xB2F,1,Intel Ref.code setup hide,Platform
IntelSetup,0xB30,1,Intel Ref.code setup hide,Platform
IntelSetup,0xB31,1,Intel Ref.code setup hide,Platform
IntelSetup,0xB32,1,Intel Ref.code setup hide,Platform
IntelSetup,0xB33,1,Intel Ref.code setup hide,Platform
IntelSetup,0xB34,1,Intel Ref.code setup hide,Platform
IntelSetup,0xB35,1,Intel Ref.code setup hide,Platform
IntelSetup,0xB36,1,Intel Ref.code setup hide,Platform
IntelSetup,0xB37,1,Intel Ref.code setup hide,Platform
IntelSetup,0xB38,1,Intel Ref.code setup hide,Platform
IntelSetup,0xB39,1,Intel Ref.code setup hide,Platform
IntelSetup,0xB3A,1,Intel Ref.code setup hide,Platform
IntelSetup,0xB3D,1,Intel Ref.code setup hide,Platform
IntelSetup,0xB3E,1,Intel Ref.code setup hide,Platform
IntelSetup,0xB3F,1,Intel Ref.code setup hide,Platform
IntelSetup,0xB40,1,Intel Ref.code setup hide,Platform
IntelSetup,0xB41,1,Intel Ref.code setup hide,Platform
IntelSetup,0xB42,1,Intel Ref.code setup hide,Platform
IntelSetup,0xB43,1,Intel Ref.code setup hide,Platform
IntelSetup,0xB44,1,Intel Ref.code setup hide,Platform
IntelSetup,0xB45,1,Intel Ref.code setup hide,Platform
IntelSetup,0xB46,1,Intel Ref.code setup hide,Platform
IntelSetup,0xB47,1,Intel Ref.code setup hide,Platform
IntelSetup,0xB48,1,Intel Ref.code setup hide,Platform
IntelSetup,0xB49,1,Intel Ref.code setup hide,Platform
IntelSetup,0xB4A,1,Intel Ref.code setup hide,Platform
IntelSetup,0xB4B,1,Intel Ref.code setup hide,Platform
IntelSetup,0xB4C,1,Intel Ref.code setup hide,Platform
IntelSetup,0xB4D,1,Intel Ref.code setup hide,Platform
IntelSetup,0xB4E,1,Intel Ref.code setup hide,Platform
IntelSetup,0xB4F,1,Intel Ref.code setup hide,Platform
IntelSetup,0xB50,1,Intel Ref.code setup hide,Platform
IntelSetup,0xB51,1,Intel Ref.code setup hide,Platform
IntelSetup,0xBB1,1,Intel Ref.code setup hide,Platform
IntelSetup,0xBB2,1,Intel Ref.code setup hide,Platform
IntelSetup,0xC21,1,Intel Ref.code setup hide,Platform
IntelSetup,0xC22,1,Intel Ref.code setup hide,Platform
IntelSetup,0xC23,1,Intel Ref.code setup hide,Platform
IntelSetup,0xC24,1,Intel Ref.code setup hide,Platform
IntelSetup,0xC25,1,Intel Ref.code setup hide,Platform
IntelSetup,0xC26,1,Intel Ref.code setup hide,Platform
IntelSetup,0xC27,1,Intel Ref.code setup hide,Platform
IntelSetup,0xC28,1,Intel Ref.code setup hide,Platform
IntelSetup,0xC29,1,Intel Ref.code setup hide,Platform
IntelSetup,0xC2A,1,Intel Ref.code setup hide,Platform
IntelSetup,0xC2B,1,Intel Ref.code setup hide,Platform
IntelSetup,0xC2C,1,Intel Ref.code setup hide,Platform
IntelSetup,0xC2D,1,Intel Ref.code setup hide,Platform
IntelSetup,0xC2E,1,Intel Ref.code setup hide,Platform
IntelSetup,0xC2F,1,Intel Ref.code setup hide,Platform
IntelSetup,0xC30,1,Intel Ref.code setup hide,Platform
IntelSetup,0xC31,1,Intel Ref.code setup hide,Platform
IntelSetup,0xC32,1,Intel Ref.code setup hide,Platform
IntelSetup,0xC33,1,Intel Ref.code setup hide,Platform
IntelSetup,0xC34,1,Intel Ref.code setup hide,Platform
IntelSetup,0xC35,1,Intel Ref.code setup hide,Platform
IntelSetup,0xC36,1,Intel Ref.code setup hide,Platform
IntelSetup,0xC37,1,Intel Ref.code setup hide,Platform
IntelSetup,0xC38,1,Intel Ref.code setup hide,Platform
IntelSetup,0xC39,1,Intel Ref.code setup hide,Platform
IntelSetup,0xC3A,1,Intel Ref.code setup hide,Platform
IntelSetup,0xC3B,1,Intel Ref.code setup hide,Platform
IntelSetup,0xC3C,1,Intel Ref.code setup hide,Platform
IntelSetup,0xC3D,1,Intel Ref.code setup hide,Platform
IntelSetup,0xC3E,1,Intel Ref.code setup hide,Platform
IntelSetup,0xC3F,1,Intel Ref.code setup hide,Platform
IntelSetup,0xC40,1,Intel Ref.code setup hide,Platform
IntelSetup,0xC41,1,Intel Ref.code setup hide,Platform
IntelSetup,0xC42,1,Intel Ref.code setup hide,Platform
IntelSetup,0xC43,1,Intel Ref.code setup hide,Platform
IntelSetup,0xC44,1,Intel Ref.code setup hide,Platform
IntelSetup,0xC45,1,Intel Ref.code setup hide,Platform
IntelSetup,0xC46,1,Intel Ref.code setup hide,Platform
IntelSetup,0xC47,1,Intel Ref.code setup hide,Platform
IntelSetup,0xC48,1,Intel Ref.code setup hide,Platform
IntelSetup,0xC49,1,Intel Ref.code setup hide,Platform
IntelSetup,0xC4A,1,Intel Ref.code setup hide,Platform
IntelSetup,0xC4B,1,Intel Ref.code setup hide,Platform
IntelSetup,0xC4C,1,Intel Ref.code setup hide,Platform
IntelSetup,0x11B3,1,Intel Ref.code setup hide,Platform
IntelSetup,0x11CF,1,Intel Ref.code setup hide,Platform
IntelSetup,0x11DE,1,Intel Ref.code setup hide,Platform
IntelSetup,0x11DF,1,Intel Ref.code setup hide,Platform
IntelSetup,0x11E0,1,Intel Ref.code setup hide,Platform
IntelSetup,0x11E1,1,Intel Ref.code setup hide,Platform
IntelSetup,0x11E2,1,Intel Ref.code setup hide,Platform
IntelSetup,0x11E3,1,Intel Ref.code setup hide,Platform
IntelSetup,0x11E4,1,Intel Ref.code setup hide,Platform
IntelSetup,0x11E5,1,Intel Ref.code setup hide,Platform
IntelSetup,0x1211,1,Intel Ref.code setup hide,Platform
IntelSetup,0x1212,2,Intel Ref.code setup hide,Platform
IntelSetup,0x1214,1,Intel Ref.code setup hide,Platform
IntelSetup,0x1215,2,Intel Ref.code setup hide,Platform
IntelSetup,0x1217,1,Intel Ref.code setup hide,Platform
IntelSetup,0x121B,1,Intel Ref.code setup hide,Platform
IntelSetup,0x121C,1,Intel Ref.code setup hide,Platform
IntelSetup,0x121E,1,Intel Ref.code setup hide,Platform
IntelSetup,0x1221,1,Intel Ref.code setup hide,Platform
IntelSetup,0x1222,1,Intel Ref.code setup hide,Platform
IntelSetup,0x1225,1,Intel Ref.code setup hide,Platform
IntelSetup,0x1227,1,Intel Ref.code setup hide,Platform
IntelSetup,0x122F,1,Intel Ref.code setup hide,Platform
IntelSetup,0x1252,1,Intel Ref.code setup hide,Platform
IntelSetup,0x1253,1,Intel Ref.code setup hide,Platform
IntelSetup,0x1254,1,Intel Ref.code setup hide,Platform
IntelSetup,0x1255,1,Intel Ref.code setup hide,Platform
IntelSetup,0x1258,1,Intel Ref.code setup hide,Platform
IntelSetup,0x1283,1,Intel Ref.code setup hide,Platform
IntelSetup,0x4E,1,Intel Ref.code setup hide,Platform
IntelSetup,0x5C,1,Intel Ref.code setup hide,Platform
IntelSetup,0x7B,1,Intel Ref.code setup hide,Platform
IntelSetup,0xA7,1,Intel Ref.code setup hide,Platform
IntelSetup,0x1344,1,Intel Ref.code setup hide,Platform
IntelSetup,0x1346,1,Intel Ref.code setup hide,Platform
IntelSetup,0x1359,1,Intel Ref.code setup hide,Platform
IntelSetup,0x13D9,1,Intel Ref.code setup hide,Platform
IntelSetup,0x11C2,1,Intel Ref.code setup hide,Platform
IntelSetup,0x11BA,1,Publish SRAT,Platform
IntelSetup,0x2DC,1,Intel Ref.code setup hide,Platform
IntelSetup,0x11B9,1,SRAT CPU Hot Plug,Platform
IntelSetup,0x11B2,1,SLIT One Hop Value,Platform
IntelSetup,0x51,1,EFI INT10 workaround,Platform
IntelSetup,0x1341,1,InvalidId,Platform
IntelSetup,0x2F0,1,Intel Ref.code setup hide,Platform
IntelSetup,0x2EF,1,Intel Ref.code setup hide,Platform
IntelSetup,0x124C,1,Periodic RCOMP Type,Platform
Setup,0x3,1,Reset NVRAM,ReFlash
Setup,0x4,1,Boot Block Update,ReFlash
Setup,0x46,4,Spread Spectrum Control,Setup
Setup,0x4E,4,Processor Graphics Clock,Setup
Setup,0x33,1,CPU Upgrade,Setup
Setup,0x36,4,CPU Frequency,Setup
Setup,0xFB,1,Extreme Memory Profile(X.M.P.),Setup
Setup,0xFE,2,Memory Frequency(MHz),Setup
Setup,0x85,1,Non-K OC,Setup
Setup,0x86,1,K OC,Setup
Setup,0x87,1,CPU PLL Selection,Setup
Setup,0x88,1,Filter PLL Level,Setup
Setup,0x8F,2,BDX PLL Trim,Setup
Setup,0x91,1,AVX Offset,Setup
Setup,0x89,4,Uncore Frequency,Setup
Setup,0x55,2,Turbo Ratio (1-Core Active),Setup
Setup,0x57,2,Turbo Ratio (2 Cores Active),Setup
Setup,0x59,2,Turbo Ratio (3 Cores Active),Setup
Setup,0x5B,2,Turbo Ratio (4 Cores Active),Setup
Setup,0x5D,2,Turbo Ratio (5 Cores Active),Setup
Setup,0x5F,2,Turbo Ratio (6 Cores Active),Setup
Setup,0x61,2,Turbo Ratio (7 Cores Active),Setup
Setup,0x63,2,Turbo Ratio (8 Cores Active),Setup
Setup,0x65,2,Turbo Ratio (9 Cores Active),Setup
Setup,0x67,2,Turbo Ratio (10 Cores Active),Setup
Setup,0x69,2,Turbo Ratio (11 Cores Active),Setup
Setup,0x6B,2,Turbo Ratio (12 Cores Active),Setup
Setup,0x6D,2,Turbo Ratio (13 Cores Active),Setup
Setup,0x6F,2,Turbo Ratio (14 Cores Active),Setup
Setup,0x71,2,Turbo Ratio (15 Cores Active),Setup
Setup,0x73,2,Turbo Ratio (16 Cores Active),Setup
Setup,0x75,2,Turbo Ratio (17 Cores Active),Setup
Setup,0x77,2,Turbo Ratio (18 Cores Active),Setup
Setup,0x79,2,Turbo Ratio (19 Cores Active),Setup
Setup,0x7B,2,Turbo Ratio (20 Cores Active),Setup
Setup,0x7D,2,Turbo Ratio (21 Cores Active),Setup
Setup,0x7F,2,Turbo Ratio (22 Cores Active),Setup
Setup,0x81,2,Turbo Ratio (23 Cores Active),Setup
Setup,0x83,2,Turbo Ratio (24 Cores Active),Setup
Setup,0xA8,1,Active Cores Control,Setup
Setup,0xB1,1,Active Core 0,Setup
Setup,0xB2,1,Active Core 1,Setup
Setup,0xB3,1,Active Core 2,Setup
Setup,0xB4,1,Active Core 3,Setup
Setup,0xB5,1,Active Core 4,Setup
Setup,0xB6,1,Active Core 5,Setup
Setup,0xB7,1,Active Core 6,Setup
Setup,0xB8,1,Active Core 7,Setup
Setup,0xB9,1,Active Core 8,Setup
Setup,0xBA,1,Active Core 9,Setup
Setup,0xBB,1,Active Core 10,Setup
Setup,0xBC,1,Active Core 11,Setup
Setup,0xBD,1,Active Core 12,Setup
Setup,0xBE,1,Active Core 13,Setup
Setup,0xBF,1,Active Core 14,Setup
Setup,0xC0,1,Active Core 15,Setup
Setup,0xC1,1,Active Core 16,Setup
Setup,0xC2,1,Active Core 17,Setup
Setup,0xC3,1,Active Core 18,Setup
Setup,0xC4,1,Active Core 19,Setup
Setup,0xC5,1,Active Core 20,Setup
Setup,0xC6,1,Active Core 21,Setup
Setup,0xC7,1,Active Core 22,Setup
Setup,0xC8,1,Active Core 23,Setup
Setup,0xC9,1,Active Core 24,Setup
Setup,0xA6,1,Intel(R) Turbo Boost Max Technology 3.0,Setup
Setup,0xCA,1,Turbo Per Core Limit Control,Setup
Setup,0xCB,2,Turbo Core 1 Ratio Limit,Setup
Setup,0xCD,2,Turbo Core 2 Ratio Limit,Setup
Setup,0xCF,2,Turbo Core 3 Ratio Limit,Setup
Setup,0xD1,2,Turbo Core 4 Ratio Limit,Setup
Setup,0xD3,2,Turbo Core 5 Ratio Limit,Setup
Setup,0xD5,2,Turbo Core 6 Ratio Limit,Setup
Setup,0xD7,2,Turbo Core 7 Ratio Limit,Setup
Setup,0xD9,2,Turbo Core 8 Ratio Limit,Setup
Setup,0xDB,2,Turbo Core 9 Ratio Limit,Setup
Setup,0xDD,2,Turbo Core 10 Ratio Limit,Setup
Setup,0xDF,2,Turbo Core 11 Ratio Limit,Setup
Setup,0xE1,2,Turbo Core 12 Ratio Limit,Setup
Setup,0xE3,2,Turbo Core 13 Ratio Limit,Setup
Setup,0xE5,2,Turbo Core 14 Ratio Limit,Setup
Setup,0xE7,2,Turbo Core 15 Ratio Limit,Setup
Setup,0xE9,2,Turbo Core 16 Ratio Limit,Setup
Setup,0xEB,2,Turbo Core 17 Ratio Limit,Setup
Setup,0xED,2,Turbo Core 18 Ratio Limit,Setup
Setup,0xEF,2,Turbo Core 19 Ratio Limit,Setup
Setup,0xF1,2,Turbo Core 20 Ratio Limit,Setup
Setup,0xF3,2,Turbo Core 21 Ratio Limit,Setup
Setup,0xF5,2,Turbo Core 22 Ratio Limit,Setup
Setup,0xF7,2,Turbo Core 23 Ratio Limit,Setup
Setup,0xF9,2,Turbo Core 24 Ratio Limit,Setup
Setup,0xA9,1,Hyper-Threading Technology,Setup
Setup,0xAB,1,C3 State Support,Setup
Setup,0xAC,1,C6/C7 State Support,Setup
Setup,0xAF,1,Bi-Directional PROCHOT,Setup
Setup,0x101,1,Memory Boot Mode,Setup
Setup,0x105,4,Profile DDR Voltage,Setup
Setup,0x10D,1,Channel Interleaving,Setup
Setup,0x10E,1,Rank Interleaving,Setup
Setup,0x10F,2,CAS Latency,Setup
Setup,0x111,2,tRCD,Setup
Setup,0x113,2,tRP,Setup
Setup,0x115,2,tRAS,Setup
Setup,0x117,2,tRC,Setup
Setup,0x119,2,tRRD,Setup
Setup,0x11B,2,tWTR,Setup
Setup,0x11D,2,tWR,Setup
Setup,0x11F,2,tWL,Setup
Setup,0x121,2,tRRD_L,Setup
Setup,0x123,2,tWTR_L,Setup
Setup,0x125,2,tCCD_L,Setup
Setup,0x127,2,tCCD_WR_L,Setup
Setup,0x129,2,tRFC,Setup
Setup,0x12B,2,tRTP,Setup
Setup,0x12D,2,tFAW,Setup
Setup,0x12F,2,Command Rate(tCMD),Setup
Setup,0x197,2,Round Trip Latency(DIMM0/Rank0),Setup
Setup,0x199,2,Round Trip Latency(DIMM0/Rank1),Setup
Setup,0x19B,2,Round Trip Latency(DIMM1/Rank0),Setup
Setup,0x19D,2,Round Trip Latency(DIMM1/Rank1),Setup
Setup,0x1F9,2,IoLatR0D0,Setup
Setup,0x1FB,2,IoLatR1D0,Setup
Setup,0x1FD,2,IoLatR0D1,Setup
Setup,0x1FF,2,IoLatR1D1,Setup
Setup,0x1C3,2,tREFI,Setup
Setup,0x1C5,2,tREFIX9,Setup
Setup,0x1C7,2,tRDRD_dr,Setup
Setup,0x1C9,2,tRDRD_dd,Setup
Setup,0x1CB,2,tWRWR_dr,Setup
Setup,0x1CD,2,tWRWR_dd,Setup
Setup,0x1CF,2,tRDWR_dr,Setup
Setup,0x1D1,2,tRDWR_dd,Setup
Setup,0x1D3,2,tWRRD_dr,Setup
Setup,0x1D5,2,tWRRD_dd,Setup
Setup,0x1D7,2,tRDWR,Setup
Setup,0x1D9,2,tPRPDEN,Setup
Setup,0x1DB,2,tXPDLL,Setup
Setup,0x1DD,2,tXP,Setup
Setup,0x1DF,2,tCKE,Setup
Setup,0x1A1,2,Imc Vref (%),Setup
Setup,0x1A3,2,DRAM Vref (%),Setup
Setup,0x1E1,2,RttNom(Dimm0/Rank0),Setup
Setup,0x1E3,2,RttNom(Dimm0/Rank1),Setup
Setup,0x1E5,2,RttNom(Dimm1/Rank0),Setup
Setup,0x1E7,2,RttNom(Dimm1/Rank1),Setup
Setup,0x1E9,2,RttPark(Dimm0/Rank0),Setup
Setup,0x1EB,2,RttPark(Dimm0/Rank1),Setup
Setup,0x1ED,2,RttPark(Dimm1/Rank0),Setup
Setup,0x1EF,2,RttPark(Dimm1/Rank1),Setup
Setup,0x1F1,2,RttWr(Dimm0/Rank0),Setup
Setup,0x1F3,2,RttWr(Dimm0/Rank1),Setup
Setup,0x1F5,2,RttWr(Dimm1/Rank0),Setup
Setup,0x1F7,2,RttWr(Dimm1/Rank1),Setup
Setup,0x201,2,tXSDLL,Setup
Setup,0x203,2,tXS_offset,Setup
Setup,0x205,2,tZQOper,Setup
Setup,0x207,2,tMOD,Setup
Setup,0x131,2,CAS Latency,Setup
Setup,0x133,2,tRCD,Setup
Setup,0x135,2,tRP,Setup
Setup,0x137,2,tRAS,Setup
Setup,0x139,2,tRC,Setup
Setup,0x13B,2,tRRD,Setup
Setup,0x13D,2,tWTR,Setup
Setup,0x13F,2,tWR,Setup
Setup,0x141,2,tWL,Setup
Setup,0x143,2,tRRD_L,Setup
Setup,0x145,2,tWTR_L,Setup
Setup,0x147,2,tCCD_L,Setup
Setup,0x149,2,tCCD_WR_L,Setup
Setup,0x14B,2,tRFC,Setup
Setup,0x14D,2,tRTP,Setup
Setup,0x14F,2,tFAW,Setup
Setup,0x151,2,Command Rate(tCMD),Setup
Setup,0x21D,2,Round Trip Latency(DIMM0/Rank0),Setup
Setup,0x21F,2,Round Trip Latency(DIMM0/Rank1),Setup
Setup,0x221,2,Round Trip Latency(DIMM1/Rank0),Setup
Setup,0x223,2,Round Trip Latency(DIMM1/Rank1),Setup
Setup,0x27F,2,IoLatR0D0,Setup
Setup,0x281,2,IoLatR1D0,Setup
Setup,0x283,2,IoLatR0D1,Setup
Setup,0x285,2,IoLatR1D1,Setup
Setup,0x249,2,tREFI,Setup
Setup,0x24B,2,tREFIX9,Setup
Setup,0x24D,2,tRDRD_dr,Setup
Setup,0x24F,2,tRDRD_dd,Setup
Setup,0x251,2,tWRWR_dr,Setup
Setup,0x253,2,tWRWR_dd,Setup
Setup,0x255,2,tRDWR_dr,Setup
Setup,0x257,2,tRDWR_dd,Setup
Setup,0x259,2,tWRRD_dr,Setup
Setup,0x25B,2,tWRRD_dd,Setup
Setup,0x25D,2,tRDWR,Setup
Setup,0x25F,2,tPRPDEN,Setup
Setup,0x261,2,tXPDLL,Setup
Setup,0x263,2,tXP,Setup
Setup,0x265,2,tCKE,Setup
Setup,0x227,2,Imc Vref (%),Setup
Setup,0x229,2,DRAM Vref (%),Setup
Setup,0x267,2,RttNom(Dimm0/Rank0),Setup
Setup,0x269,2,RttNom(Dimm0/Rank1),Setup
Setup,0x26B,2,RttNom(Dimm1/Rank0),Setup
Setup,0x26D,2,RttNom(Dimm1/Rank1),Setup
Setup,0x26F,2,RttPark(Dimm0/Rank0),Setup
Setup,0x271,2,RttPark(Dimm0/Rank1),Setup
Setup,0x273,2,RttPark(Dimm1/Rank0),Setup
Setup,0x275,2,RttPark(Dimm1/Rank1),Setup
Setup,0x277,2,RttWr(Dimm0/Rank0),Setup
Setup,0x279,2,RttWr(Dimm0/Rank1),Setup
Setup,0x27B,2,RttWr(Dimm1/Rank0),Setup
Setup,0x27D,2,RttWr(Dimm1/Rank1),Setup
Setup,0x287,2,tXSDLL,Setup
Setup,0x289,2,tXS_offset,Setup
Setup,0x28B,2,tZQOper,Setup
Setup,0x28D,2,tMOD,Setup
Setup,0x153,2,CAS Latency,Setup
Setup,0x155,2,tRCD,Setup
Setup,0x157,2,tRP,Setup
Setup,0x159,2,tRAS,Setup
Setup,0x15B,2,tRC,Setup
Setup,0x15D,2,tRRD,Setup
Setup,0x15F,2,tWTR,Setup
Setup,0x161,2,tWR,Setup
Setup,0x163,2,tWL,Setup
Setup,0x165,2,tRRD_L,Setup
Setup,0x167,2,tWTR_L,Setup
Setup,0x169,2,tCCD_L,Setup
Setup,0x16B,2,tCCD_WR_L,Setup
Setup,0x16D,2,tRFC,Setup
Setup,0x16F,2,tRTP,Setup
Setup,0x171,2,tFAW,Setup
Setup,0x173,2,Command Rate(tCMD),Setup
Setup,0x2A3,2,Round Trip Latency(DIMM0/Rank0),Setup
Setup,0x2A5,2,Round Trip Latency(DIMM0/Rank1),Setup
Setup,0x2A7,2,Round Trip Latency(DIMM1/Rank0),Setup
Setup,0x2A9,2,Round Trip Latency(DIMM1/Rank1),Setup
Setup,0x305,2,IoLatR0D0,Setup
Setup,0x307,2,IoLatR1D0,Setup
Setup,0x309,2,IoLatR0D1,Setup
Setup,0x30B,2,IoLatR1D1,Setup
Setup,0x2CF,2,tREFI,Setup
Setup,0x2D1,2,tREFIX9,Setup
Setup,0x2D3,2,tRDRD_dr,Setup
Setup,0x2D5,2,tRDRD_dd,Setup
Setup,0x2D7,2,tWRWR_dr,Setup
Setup,0x2D9,2,tWRWR_dd,Setup
Setup,0x2DB,2,tRDWR_dr,Setup
Setup,0x2DD,2,tRDWR_dd,Setup
Setup,0x2DF,2,tWRRD_dr,Setup
Setup,0x2E1,2,tWRRD_dd,Setup
Setup,0x2E3,2,tRDWR,Setup
Setup,0x2E5,2,tPRPDEN,Setup
Setup,0x2E7,2,tXPDLL,Setup
Setup,0x2E9,2,tXP,Setup
Setup,0x2EB,2,tCKE,Setup
Setup,0x2AD,2,Imc Vref (%),Setup
Setup,0x2AF,2,DRAM Vref (%),Setup
Setup,0x2ED,2,RttNom(Dimm0/Rank0),Setup
Setup,0x2EF,2,RttNom(Dimm0/Rank1),Setup
Setup,0x2F1,2,RttNom(Dimm1/Rank0),Setup
Setup,0x2F3,2,RttNom(Dimm1/Rank1),Setup
Setup,0x2F5,2,RttPark(Dimm0/Rank0),Setup
Setup,0x2F7,2,RttPark(Dimm0/Rank1),Setup
Setup,0x2F9,2,RttPark(Dimm1/Rank0),Setup
Setup,0x2FB,2,RttPark(Dimm1/Rank1),Setup
Setup,0x2FD,2,RttWr(Dimm0/Rank0),Setup
Setup,0x2FF,2,RttWr(Dimm0/Rank1),Setup
Setup,0x301,2,RttWr(Dimm1/Rank0),Setup
Setup,0x303,2,RttWr(Dimm1/Rank1),Setup
Setup,0x30D,2,tXSDLL,Setup
Setup,0x30F,2,tXS_offset,Setup
Setup,0x311,2,tZQOper,Setup
Setup,0x313,2,tMOD,Setup
Setup,0x175,2,CAS Latency,Setup
Setup,0x177,2,tRCD,Setup
Setup,0x179,2,tRP,Setup
Setup,0x17B,2,tRAS,Setup
Setup,0x17D,2,tRC,Setup
Setup,0x17F,2,tRRD,Setup
Setup,0x181,2,tWTR,Setup
Setup,0x183,2,tWR,Setup
Setup,0x185,2,tWL,Setup
Setup,0x187,2,tRRD_L,Setup
Setup,0x189,2,tWTR_L,Setup
Setup,0x18B,2,tCCD_L,Setup
Setup,0x18D,2,tCCD_WR_L,Setup
Setup,0x18F,2,tRFC,Setup
Setup,0x191,2,tRTP,Setup
Setup,0x193,2,tFAW,Setup
Setup,0x195,2,Command Rate(tCMD),Setup
Setup,0x329,2,Round Trip Latency(DIMM0/Rank0),Setup
Setup,0x32B,2,Round Trip Latency(DIMM0/Rank1),Setup
Setup,0x32D,2,Round Trip Latency(DIMM1/Rank0),Setup
Setup,0x32F,2,Round Trip Latency(DIMM1/Rank1),Setup
Setup,0x38B,2,IoLatR0D0,Setup
Setup,0x38D,2,IoLatR1D0,Setup
Setup,0x38F,2,IoLatR0D1,Setup
Setup,0x391,2,IoLatR1D1,Setup
Setup,0x355,2,tREFI,Setup
Setup,0x357,2,tREFIX9,Setup
Setup,0x359,2,tRDRD_dr,Setup
Setup,0x35B,2,tRDRD_dd,Setup
Setup,0x35D,2,tWRWR_dr,Setup
Setup,0x35F,2,tWRWR_dd,Setup
Setup,0x361,2,tRDWR_dr,Setup
Setup,0x363,2,tRDWR_dd,Setup
Setup,0x365,2,tWRRD_dr,Setup
Setup,0x367,2,tWRRD_dd,Setup
Setup,0x369,2,tRDWR,Setup
Setup,0x36B,2,tPRPDEN,Setup
Setup,0x36D,2,tXPDLL,Setup
Setup,0x36F,2,tXP,Setup
Setup,0x371,2,tCKE,Setup
Setup,0x333,2,Imc Vref (%),Setup
Setup,0x335,2,DRAM Vref (%),Setup
Setup,0x373,2,RttNom(Dimm0/Rank0),Setup
Setup,0x375,2,RttNom(Dimm0/Rank1),Setup
Setup,0x377,2,RttNom(Dimm1/Rank0),Setup
Setup,0x379,2,RttNom(Dimm1/Rank1),Setup
Setup,0x37B,2,RttPark(Dimm0/Rank0),Setup
Setup,0x37D,2,RttPark(Dimm0/Rank1),Setup
Setup,0x37F,2,RttPark(Dimm1/Rank0),Setup
Setup,0x381,2,RttPark(Dimm1/Rank1),Setup
Setup,0x383,2,RttWr(Dimm0/Rank0),Setup
Setup,0x385,2,RttWr(Dimm0/Rank1),Setup
Setup,0x387,2,RttWr(Dimm1/Rank0),Setup
Setup,0x389,2,RttWr(Dimm1/Rank1),Setup
Setup,0x393,2,tXSDLL,Setup
Setup,0x395,2,tXS_offset,Setup
Setup,0x397,2,tZQOper,Setup
Setup,0x399,2,tMOD,Setup
Setup,0x3D6,1,CPU VRIN Loadline Calibration,Setup
Setup,0x3E3,1,CPU VRIN PWM Thermal Protection,Setup
Setup,0x3D7,1,CPU VRIN PWM Switch Rate,Setup
Setup,0x3D8,1,DDR CH(A/B) PWM Switch Rate,Setup
Setup,0x3D9,1,DDR CH(C/D) PWM Switch Rate,Setup
Setup,0x3E5,1,S3 Save Mode,Setup
Setup,0x418,2,Adaptive Mode,Setup
Setup,0x41A,2,CPU VL1,Setup
Setup,0x41C,2,CPU VL2,Setup
Setup,0x41E,2,CPU VL3,Setup
Setup,0x420,2,CPU VL4,Setup
Setup,0x422,2,CPU VL5,Setup
Setup,0x424,2,CPU VL6,Setup
Setup,0x3C7,2,DRAM Training Voltage      (CH A/B),Setup
Setup,0x3C9,2,DDRVPP Voltage    (CH A/B),Setup
Setup,0x3CB,2,DRAM Termination  (CH A/B),Setup
Setup,0x3CF,2,DRAM Training Voltage      (CH C/D),Setup
Setup,0x3D1,2,DDRVPP Voltage    (CH C/D),Setup
Setup,0x3D3,2,DRAM Termination  (CH C/D),Setup
Setup,0x42C,1,Reset Case Open Status,Setup
Setup,0x472,1,3DMark01 Enhancement,Setup
Setup,0x471,1,Isochronous Support,Setup
PlatformLang,0x0,2,System Language,Setup
Setup,0x1,1,Fast Boot,Setup
Setup,0x2,1,SATA Support,Setup
Setup,0x3,1,VGA Support,Setup
Setup,0x4,1,USB Support,Setup
Setup,0x5,1,PS2 Devices Support,Setup
Setup,0x7,1,NetWork Stack Driver Support,Setup
Setup,0x8,1,Fast Boot Test Mode,Setup
Setup,0xA,1,Enter UEFI Setup on Next Boot,Setup
Setup,0x10,1,Security Device Support,Setup
Setup,0x12,1,Security Device Support,Setup
Setup,0x15,1,Pwd Authentication,Setup
Setup,0xB,1,TPM State,Setup
Setup,0xB,1,TCM State,Setup
Setup,0xC,1,Pending operation,Setup
Setup,0xD,1,TPM Enabled Status:,Setup
Setup,0xD,1,TCM Enabled Status:,Setup
Setup,0xE,1,TPM Active Status:,Setup
Setup,0xE,1,TCM Active Status:,Setup
Setup,0xF,1,TPM Owner Status:,Setup
Setup,0xF,1,TCM Owner Status:,Setup
Setup,0x1A,1,Platform Hierarchy,Setup
Setup,0x1B,1,Storage Hierarchy,Setup
Setup,0x1C,1,Endorsement Hierarchy,Setup
Setup,0x1D,1,TPM 20 InterfaceType,Setup
Setup,0x1E,1,Device Select,Setup
Setup,0x19,1,HashPolicy,Setup
Setup,0x28,1,Enable ACPI Auto Configuration,Setup
Setup,0x2C,1,Enable Hibernation,Setup
Setup,0x29,2,ACPI Sleep State,Setup
Setup,0x2B,1,Lock Legacy Resources,Setup
Setup,0x2F,1,BIOS Write Protection,Setup
Setup,0x31,1,Configure SATA as,Setup
Setup,0x42E,1,Fan Speed Percentage,Setup
Setup,0x430,1,Fan Speed Percentage,Setup
Setup,0x432,1,Fan Speed Percentage,Setup
Setup,0x434,1,Fan Speed Percentage,Setup
Setup,0x436,1,Fan Speed Percentage,Setup
Setup,0x47C,1,GateA20 Active,Setup
Setup,0x47A,1,Option ROM Messages,Setup
Setup,0x47D,1,Boot Mode Selection,Setup
Setup,0x47E,1,LAN PXE Boot Option ROM,Setup
Setup,0x47F,1,Storage Boot Option Control,Setup
Setup,0x480,1,Display Boot Option Control,Setup
Setup,0x481,1,Other PCI Device ROM Priority,Setup
Setup,0x48A,1,ErP,Setup
NetworkStackVar,0x0,1,Network Stack,Setup
NetworkStackVar,0x1,1,Ipv4 PXE Support,Setup
NetworkStackVar,0x2,1,Ipv6 PXE Support,Setup
NetworkStackVar,0x4,1,PXE boot wait time,Setup
NetworkStackVar,0x5,1,Media detect count,Setup
NewOptionPolicy,0x0,1,New Boot Option Policy,Setup
Setup,0x496,1,SR-IOV Support,Setup
Setup,0x497,1,PCI Latency Timer,Setup
Setup,0x498,1,VGA Palette Snoop,Setup
Setup,0x499,1,PERR# Generation,Setup
Setup,0x49A,1,SERR# Generation,Setup
Setup,0x49B,1,PCI-X Latency Timer,Setup
Setup,0x49C,1,Relaxed Ordering,Setup
Setup,0x49D,1,Extended Tag,Setup
Setup,0x49E,1,No Snoop,Setup
Setup,0x49F,1,Maximum Payload,Setup
Setup,0x4A0,1,Maximum Read Request,Setup
Setup,0x4A2,1,Extended Synch,Setup
Setup,0x4A3,1,Link Training Retry,Setup
Setup,0x4A4,2,Link Training Timeout (uS),Setup
Setup,0x4A6,1,Unpopulated Links,Setup
Setup,0x4A7,1,Restore PCIE Registers,Setup
Setup,0x4A8,1,Completion Timeout,Setup
Setup,0x4A9,1,ARI Forwarding,Setup
Setup,0x4AA,1,AtomicOp Requester Enable,Setup
Setup,0x4AB,1,AtomicOp Egress Blocking,Setup
Setup,0x4AC,1,IDO Request Enable,Setup
Setup,0x4AD,1,IDO Completion Enable,Setup
Setup,0x4AE,1,LTR Mechanism Enable,Setup
Setup,0x4AF,1,End-End TLP Prefix Blocking,Setup
Setup,0x4B0,1,Target Link Speed,Setup
Setup,0x4B2,1,Clock Power Management,Setup
Setup,0x4B3,1,Compliance SOS,Setup
Setup,0x4B4,1,Hardware Autonomous Width,Setup
Setup,0x4B5,1,Hardware Autonomous Speed,Setup
Setup,0x4B6,1,BIOS Hot-Plug Support,Setup
Setup,0x4B7,1,PCI Buses Padding,Setup
Setup,0x4B8,1,I/O Resources Padding,Setup
Setup,0x4B9,1,MMIO 32 bit Resources Padding,Setup
Setup,0x4BA,1,PFMMIO 32 bit Resources Padding,Setup
Setup,0x4BD,2,PFMMIO 64 bit Resources Padding,Setup
Setup,0x4C3,1,Ambient LED,Setup
Setup,0x4C5,1,LED Hue,Setup
UsbSupport,0x0,1,USB Support,Setup
UsbSupport,0x1,1,Legacy USB Support,Setup
UsbSupport,0x1E,1,USB 2.0 Controller Mode,Setup
UsbSupport,0x1A,1,XHCI Legacy Support,Setup
UsbSupport,0x1B,1,XHCI Hand-off,Setup
UsbSupport,0x2,1,EHCI Hand-off,Setup
UsbSupport,0x1F,1,USB Mass Storage Driver Support,Setup
UsbSupport,0x7,1,Port 60/64 Emulation,Setup
UsbSupport,0x9,1,USB transfer time-out,Setup
UsbSupport,0x8,1,Device reset time-out,Setup
UsbSupport,0x1C,1,Device power-up delay,Setup
UsbSupport,0x1D,1,Device power-up delay in seconds,Setup
UsbSupport,0xA,1,N/A,Setup
UsbSupport,0xB,1,N/A,Setup
UsbSupport,0xC,1,N/A,Setup
UsbSupport,0xD,1,N/A,Setup
UsbSupport,0xE,1,N/A,Setup
UsbSupport,0xF,1,N/A,Setup
UsbSupport,0x10,1,N/A,Setup
UsbSupport,0x11,1,N/A,Setup
UsbSupport,0x12,1,N/A,Setup
UsbSupport,0x13,1,N/A,Setup
UsbSupport,0x14,1,N/A,Setup
UsbSupport,0x15,1,N/A,Setup
UsbSupport,0x16,1,N/A,Setup
UsbSupport,0x17,1,N/A,Setup
UsbSupport,0x18,1,N/A,Setup
UsbSupport,0x19,1,N/A,Setup
Setup,0x4C9,1,Intel Thunderbolt Technology,Setup
Setup,0x4CB,1,ThunderBolt Boot Support,Setup
Setup,0x4D7,1,Security Level,Setup
Setup,0x4D4,1,Wake From Thunderbolt Devices,Setup
Setup,0x4D5,1,Enable Handle TBT's POC,Setup
Setup,0x4CC,1,AIC Support,Setup
Setup,0x4CD,1,Thunderbolt Card Location,Setup
Setup,0x4D6,1,Thunderbolt PCIe Cache-line Size,Setup
Setup,0x4D8,1,SMI/Notify Support,Setup
Setup,0x4D9,1,SwSMI Support,Setup
Setup,0x4DA,1,Notify Support,Setup
Setup,0x4DB,1,_RMV Method return value,Setup
Setup,0x4DC,1,Ignore Thunderbolt Option Rom,Setup
Setup,0x4DD,2,Thunderbolt Wake Delay,Setup
Setup,0x4DF,2,Thunderbolt SwSMI Delay,Setup
Setup,0x4E6,1,TBT Device IO resource Support,Setup
Setup,0x4E1,2,Reserved Mem per phy slot,Setup
Setup,0x4E3,2,Reserved PMem per phy slot,Setup
Setup,0x4E5,1,Reserved IO per phy slot,Setup
Setup,0x4E8,2,Reserved Memory,Setup
Setup,0x4EA,2,Prefetchable Memory,Setup
BootOrder,0x0,2,Boot Option #%d,Setup
Setup,0x0,1,Bootup NumLock State,Setup
AMITSESetup,0x50,1,Full Screen LOGO Show,Setup
Setup,0x6,1,Redirection Support,Setup
Setup,0x479,1,CSM Support,Setup
DriverOrder,0x0,2,Driver Option #%d,Setup
AMITSESetup,0x28,1,Administrator Password,Setup
AMITSESetup,0x0,1,User Password,Setup
LegacyDevOrder,0x0,2,Boot Option #%d,Setup
SecureBootSetup,0x3,1,Vendor Keys,Setup
SecureBootSetup,0x0,1,Secure Boot,Setup
SecureBootSetup,0x1,1,Secure Boot Mode,Setup
SecureBootSetup,0x2,1,Default Key Provision,Setup
Setup,0x48F,1,Initial Display Output,Setup
Setup,0x4CE,1,AIC Location Group,Setup
Setup,0x4CF,1,Thunderbolt Card Location,Setup
Setup,0x4D0,1,Thunderbolt Card Location,Setup
Setup,0x4D1,1,Thunderbolt Card Location,Setup
Setup,0x4D2,1,Thunderbolt Card Location,Setup
Setup,0x4D3,1,Thunderbolt Card Location,Setup
Setup,0x4E7,1,ThunderBolt Gfx Support,Setup
Setup,0x24,1,Platform Power Management,Setup
Setup,0x25,1,PEG ASPM,Setup
Setup,0x26,1,PCH ASPM,Setup
Setup,0x27,1,DMI ASPM,Setup
Setup,0x48C,1,Power Loading,Setup
Setup,0x490,1,Resume by Alarm,Setup
